79700,Heinävesi
86240,Pyhänkoski
97390,Kierinki
00900,Helsinki
02760,Espoo
07590,Askola
13720,Parola
50350,Norola
55700,Imatra
56800,Simpele
64260,Kaskinen
70101,Kuopio
74250,Nissilä
80130,Joensuu
03220,Tervalampi
07910,Valko
14610,Lepaa
15141,Lahti
19650,Joutsa
32560,Virttaa
35750,Väärinmaja
39501,Ikaalinen
39965,Karviankylä
43520,Kiminki
48710,Kotka
70500,Kuopio
74670,Rapakkojoki
80770,Kontiolahti As
83940,Nunnanlahti
99450,Palojoensuu
99670,Petkula
00331,Helsinki
00511,Helsinki
00650,Helsinki
02140,Espoo
08501,Lohja
30420,Forssa
36430,Sahalahti
40400,Jyväskylä
44170,Hietama
63920,Inha
68920,Forsby
91750,Liminpuro
95410,Tornio
95640,Juoksenki
00022,Tilastokeskus
00760,Helsinki
02320,Espoo
21660,Nauvo
26930,Vermuntila
31380,Letku
34510,Luode
52980,Ahvenainen
62720,Sissala
89110,Törmänmäki
92180,Lapaluoto
95840,Venejärvenkylä
98850,Kuosku
04380,Tuusula
00081,A-Lehdet
11111,Riihimäki
16270,Villikkala
21930,Uusikartano
27450,Harola
31641,Humppila
53900,Lappeenranta
59520,Saari Kk
63101,Kuortane
72310,Niinivesi
77480,Savuniemi
82220,Niittylahti
82501,Kitee
86550,Mieluskylä
92610,Vorna
05800,Hyvinkää
12600,Läyliäinen
16790,Manskivi
17440,Vähimaa
21230,Lemu
45911,Voikkaa
60280,Seinäjoki
61180,Haapaluoma
63450,Löyä
66470,Jukaja
78210,Varkaus
79190,Valkeamäki
82840,Pirttiaho
86980,Väliaho
91210,Jakkukylä
01300,Vantaa
03790,Vihtijärvi
13210,Hämeenlinna
25560,Koski As
38720,Vihteljärvi
41900,Petäjävesi
42600,Multia
46900,Inkeroinen
51880,Koikkala
52360,Someenjärvi
58300,Savonranta
66710,Kaitsor
70870,Hiltulanlahti
75501,Nurmes
01530,Vantaa
01680,Vantaa
04301,Tuusula
10470,Fiskari
29320,Leineperi
33251,Tampere
37470,Vesilahti
47490,Mankala
51460,Luusniemi
71460,Paukarlahti
71760,Ahkionlahti
75990,Höljäkkä
94900,Kemi
97840,Lehtiniemi
70401,Kuopio
04601,Mäntsälä
29860,Otamo
37800,Akaa
41231,Uurainen
57710,Savonlinna
64701,Teuva
65170,Vaasa
85150,Typpö
89540,Moisiovaara
95300,Tervola
32770,Huhtamo
41860,Tikkala
42440,Koskenpää
46810,Ummeljoki
51820,Hatsola
52320,Vitsiälä
58201,Kerimäki
70800,Kuopio
97370,Unarin-Luusua
99800,Ivalo
01510,Vantaa
01661,Vantaa
04260,Kerava
24280,Salo
29270,Hormisto
33231,Tampere
43100,Saarijärvi
47440,Sääskjärvi
66950,Munsala
71330,Räsälä
94800,Kemi
97650,Juotas
97810,Suorsa
99990,Nuorgam
15111,Lahti
25370,Pertteli
29811,Siikainen
33470,Ylöjärvi
37370,Vesilahti
37740,Haukila
41210,Jokihaara
57510,Savonlinna
61950,Juonikylä
64610,Ylimarkku
74630,Heinäkylä
98101,Kemijärvi
08480,Lohja
15500,Lahti
20100,Turku
22930,Fiskö
33711,Tampere
49401,Hamina
62240,Huhmarkoski
65410,Sundom
81290,Ukkola
85540,Nivala
00033,Mtv
00800,Helsinki
02380,Espoo
07230,Askola
21720,Korpoström
22150,Jomala
27130,Eurajoki
31460,Hirsjärvi
34640,Mustajärvi
73350,Haluna
92260,Kopsa
92810,Pelsonsuo
95920,Saaripudas
98960,Naruska
00102,Eduskunta
21101,Naantali
31720,Urjalankylä
32140,Ypäjä As
35301,Orivesi
54120,Pulp
59730,Uukuniemi
60550,Nurmo
82601,Tohmajärvi
86680,Vatjusjärvi
90840,Haukipudas
96440,Rovaniemi
99230,Jeesiöjärvi
00210,Helsinki
12750,Pilpala
16960,Iso-Evo
17510,Nyystölä
21270,Nousiainen
25660,Mathildedal
41970,Huttula
78400,Varkaus
82900,Ilomantsi
04131,Sipoo
13330,Harviala
18130,Heinola
21490,Marttila
42720,Keuruu
46950,Ahvio
51980,Lauteala
52551,Hirvensalmi
58420,Silvola
66820,Komossa
83450,Vaivio
01721,Vantaa
04370,Rusutjärvi
10230,Inkoo As
10601,Tammisaari
29601,Noormarkku
33330,Tampere
37120,Nokia
37560,Lempäälä
47760,Huhdasjärvi
48310,Kotka
53100,Lappeenranta
58810,Kallislahti
95160,Oijärvi
97700,Ranua
97900,Posio
02010,Lähitapiola
04770,Sahakylä
33531,Tampere
33840,Tampere
37860,Kärjenniemi
41325,Laukkavirta
45330,Harju
65231,Vaasa
66280,Taklax
68380,Yli-Ullava
85230,Talus
93190,Yli-Siurua
98360,Vuostimo
15561,Nastola
20210,Turku
23140,Hietamäki
38360,Sastamala
41540,Ristimäki
62310,Voltti
65610,Mustasaari
81450,Huhus
85800,Haapajärvi
02130,Espoo
20520,Turku
20780,Kaarina
23880,Suontaka
28360,Pori
28840,Pori
32830,Riste
45130,Kouvola
49900,Virolahti
54950,Pettilä
55910,Imatra
61410,Ylistaro As
66230,Korsbäck
90400,Oulu
90560,Oulu
00920,Helsinki
02771,Espoo
07680,Askola
14690,Torvoila
25110,Kruusila
43101,Saarijärvi
50600,Mikkeli
61720,Koskue
64740,Horo
70150,Kuopio
74301,Sonkajärvi
83750,Sotkuma
99490,Kilpisjärvi
03300,Otalampi
07940,Loviisa
15170,Lahti
19700,Sysmä
43610,Aho
48770,Kotka
74701,Kiuruvesi
80850,Paihola
99695,Tankavaara
00350,Helsinki
00521,Helsinki
00670,Helsinki
02151,Espoo
08701,Lohja
26100,Rauma
36570,Kaivanto
40500,Jyväskylä
44201,Suolahti
49460,Hamina
54430,Hujakkala
68601,Pietarsaari
68970,Överpurmo
88640,Ontojoki
91790,Nuojua
95430,Tornio
95660,Kantomaanpää
98570,Aapajärvi
00026,Basware
00771,Helsinki
21680,Nötö
22100,Mariehamn
27100,Eurajoki
34600,Ruovesi
62750,Saukonkylä
82300,Rääkkylä
92230,Mattilanperä
95900,Kolari
98920,Kelloselkä
00098,Varma
73850,Ala-Luosta
11310,Riihimäki
16301,Orimattila
27510,Eura
31700,Urjala As
32100,Ypäjä
35260,Hoivamäki
39100,Hämeenkyrö
54100,Joutseno
60450,Munakka
72360,Närhilä
77580,Tihusniemi
82580,Juurikka
92650,Laakkola
96400,Rovaniemi
99190,Hanhimaa
00191,Helsinki
12700,Loppi
16900,Lammi
17500,Padasjoki
21250,Masku
41925,Ylä-Kintaus
46140,Vekaranjärvi
61250,Jalasto
63510,Lehtimäki Kk
78300,Varkaus
79265,Puponmäki
82865,Kokinvaara
87100,Kajaani
88200,Otanmäki
03870,Hyönölä
13250,Hämeenlinna
21450,Tarvasjoki
25630,Särkisalo
38760,Venesjärvi
42700,Keuruu
46910,Anjala
51901,Juva
52510,Hietanen
58360,Säimen
66800,Oravainen
70910,Vuorela
99860,Nellim
01710,Vantaa
04321,Tuusula
29350,Palus
33300,Tampere
37100,Nokia
37530,Lempäälä
47610,Kymentaka
61270,Luopajärvi
67101,Kokkola
71490,Airaksela
71800,Siilinjärvi
76101,Pieksämäki
97680,Saari-Kämä
97880,Nolimo
04680,Hirvihaara
22411,Godby
33520,Tampere
37830,Akaa
41270,Lannevesi
58140,Ahvensalmi
65201,Vaasa
66260,Svarvar
85200,Alavieska
89601,Suomussalmi
95315,Törmä
15550,Nastola
23101,Mynämäki
33801,Tampere
62295,Kauhajärvi
65470,Rimal
81390,Revonkylä
85660,Nivala
93170,Pudasjärvi
93590,Vanhala
22140,Mariehamn
07190,Halkia
15871,Hollola
20500,Turku
20751,Turku
23800,Laitila
28260,Harjunpää
28760,Pori
32801,Kokemäki
45101,Kouvola
49840,Mäntlahti
61380,Polvenkylä
66201,Korsnäs
69601,Kaustinen
73301,Nilsiä
33730,Tampere
49411,Poitsila
62280,Mustamaa
81330,Luhtapohja
85620,Nivala
93440,Loukusa
07150,Laukkoski
15860,Hollola
20381,Turku
20740,Turku
23600,Kalanti
28220,Pori
40930,Kinkomaa
44970,Korppinen
49770,Salo-Miehikkälä
54850,Kuukanniemi
61350,Huissi
66141,Övermalax
69550,Kanala
73250,Korpijärvi
79660,Kerisalo
86210,Petäjäskoski
90240,Oulu
02550,Evitskog
07560,Pukkila
13700,Parolannummi
35220,Eräjärvi
55510,Imatra
56640,Purnujärvi
61630,Hirvijärvi
73770,Säyneinen
96301,Rovaniemi
99170,Pulju
03100,Nummela
32500,Oripää
35700,Vilppula
39430,Röyhiö
43490,Kangasaho
51440,Vuojalahti
70421,Kuopio
97220,Sinettä
99420,Peltovuoma
99655,Sattasvaara
00320,Helsinki
00500,Helsinki
00630,Helsinki
18101,Heinola
25950,Rosala
30100,Forssa
36280,Pikonlinna
40341,Jyväskylä
44150,Äänekoski
48601,Kotka
63890,Hautakylä
68555,Bosund
68870,Edsevö
83330,Kaatamo
88601,Sotkamo
91720,Oterma
95401,Tornio
00018,Ilmarinen
02280,Espoo
21620,Kuusisto
26820,Rauma
31350,Liesjärvi
34450,Jäminkipohja
58700,Sulkava
88940,Kuumu
92140,Pattijoki
95620,Aavasaksa
95800,Sieppijärvi
98820,Värriö
00053,Vero
11100,Riihimäki
16201,Artjärvi
21890,Haveri
27401,Kiukainen
31620,Latovainio
45200,Kouvola
53830,Lappeenranta
59410,Kirjavala
62950,Paalijärvi
72220,Eliaksela
77380,Kantala
95590,Tornio
01810,Luhtajoki
04480,Haarajoki
10410,Åminnefors
10901,Hanko
15950,Lahti
21820,Kumila
53501,Lappeenranta
62600,Lappajärvi
62870,Vinni
71720,Käärmelahti
77140,Vanaja
82120,Keskijärvi
82380,Tolosenmäki
05401,Jokela
12240,Hikiä
16540,Mertie
21160,Merimasku
33701,Tampere
38201,Sastamala
41410,Kankainen
45701,Kuusankoski
72550,Säviä
86790,Venetpalo
01180,Kalkkiranta
32701,Huittinen
33960,Pirkkala
41750,Havumäki
42140,Juokslahti
46570,Saaramaa
51670,Nykälä
65930,Södra Vallgrund
66400,Laihia
66600,Vöyri
70621,Kuopio
97320,Marrasjärvi
33006,Vastauslähetys
01420,Vantaa
01630,Vantaa
24130,Salo
28540,Pori
33180,Tampere
61550,Orismala
66900,Uusikaarlepyy
71201,Tuusniemi
90470,Varjakka
94600,Kemi
97615,Tennirova
37630,Valkeakoski
37960,Akaa
41350,Laukaa As
45410,Utti
65301,Vaasa
77630,Lempyy
97950,Säikkä
98440,Kallaanvaara
05831,Hyvinkää
23310,Taivassalo
33881,Lempäälä
38490,Haukijärvi
41630,Oravasaari
62375,Ylihärmä
65730,Jungsund
66320,Niemenkylä
66531,Koivulahti
90140,Oulu
93250,Sarajärvi
97240,Sonka
01370,Vantaa
28401,Ulvila
61470,Kitinoja
90440,Kempele
94400,Keminmaa
97530,Yli-Nampa
07750,Isnäs
14200,Turenki
82200,Hammaslahti
86480,Karhukangas
92530,Mankila
05510,Hyvinkää
06101,Porvoo
12450,Vähikkälä
16670,Lappila
21210,Raisio
38280,Sastamala
41500,Hankasalmi As
45750,Sairaalamäki
60200,Seinäjoki
63400,Alavus As
66441,Tervajoki
79150,Konnuslahti
82815,Marjovaara
86850,Hiidenniemi
01261,Vantaa
03620,Karkkila
17320,Asikkala
99940,Näätämö
25260,Vaskio
29720,Lamppi
33410,Tampere
37200,Siuro
51340,Hännilä
56410,Kaiturinpää
57210,Savonlinna
61860,Harja
80330,Reijola
83700,Polvijärvi
83870,Polvela
89210,Puokiovaara
95230,Maksniemi
08151,Lohja
14980,Kuohijoki
22810,Seglinge
40270,Palokka
43960,Saarensalmi
74540,Kotikylä
81230,Mönni
84650,Ylivieska
85430,Sievi
89680,Vaaranniva
00720,Helsinki
02240,Espoo
15701,Lahti
40660,Jyväskylä
44401,Konginkangas
49240,Purola
49630,Vehkajoki
54710,Lemi
61280,Jokipii
68800,Kolppi
69310,Laitala
73101,Lapinlahti
81660,Lehmikylä
02431,Masala
06530,Kerkkoo
07370,Pellinki
27260,Lappi
34870,Visuvesi
44790,Kotvala
55101,Imatra
69850,Patana
73601,Kaavi
92450,Luohua
95750,Orajärvi
00141,Helsinki
02660,Espoo
27750,Köyliö
31860,Tursa
32280,Metsäkorpi
35520,Pirttikangas
63340,Sapsalampi
91100,Ii
96910,Rovaniemi
99310,Yli-Muonio
00260,Helsinki
00410,Helsinki
13101,Hämeenlinna
21340,Tortinmäki
39701,Parkano
61100,Peräseinäjoki
63701,Ähtäri
78900,Varkaus
91601,Utajärvi
99560,Orakylä
00390,Helsinki
00570,Helsinki
17801,Kuhmoinen
19160,Huutotöyry
21540,Preitilä
25830,Västanfjärd
26200,Rauma
31170,Savijoki
42850,Pohjaslahti
47260,Ratula
52720,Karankamäki
58550,Putikko
64230,Närpiö As
75790,Rumo
83550,Kokonvaara
88380,Mieslahti
88820,Katerma
91950,Temmes
95530,Tornio
04440,Järvenpää
10350,Meltola
10710,Snappertuna
21770,Mossala
41120,Puuppola
48100,Kotka
53400,Lappeenranta
62540,Vasikka-Aho
62840,Lakaniemi
67900,Kokkola
71680,Pulkonkoski
76940,Nenonpelto
81970,Jongunjoki
97970,Sirniö
02120,Espoo
05250,Kiljava
12130,Mommila
16450,Mallusjoki
38130,Sastamala
41390,Äijälä
45610,Koria
59820,Purujärvi
72490,Saarinen
82360,Onkamo
98510,Saunavaara
05850,Hyvinkää
23390,Iniö
28100,Pori
38600,Lavia
46450,Enäjärvi
51600,Haukivuori
66350,Tainus
66560,Österhankmo
70600,Kuopio
85940,Räisälänmäki
93280,Syöte
97280,Tapio
01391,Vantaa
20880,Turku
24101,Salo
28450,Vanha-Ulvila
42101,Jämsä
61501,Isokyrö
90451,Kempele
94450,Keminmaa
97580,Misi
07810,Ingermaninkylä
19480,Hartosenpää
22220,Emkarby
25230,Angelniemi
29180,Peränkylä
33380,Pitkäniemi
51310,Levä
56310,Syyspohja
57170,Savonlinna
61840,Norinkylä
64440,Metsälä
70280,Kuopio
74120,Iisalmi
80230,Joensuu
90650,Oulu
95210,Filpus
08100,Lohja
14870,Tuulos
15240,Lahti
19920,Pappinen
43900,Kinnula
62175,Ylikylä
64900,Isojoki
74470,Paloinen
74980,Tihilänkangas
81201,Eno
85340,Sievi
89640,Pesiökylä
02211,Espoo
09810,Nummi
20250,Turku
22710,Föglö
36810,Kuhmalahti
40630,Jyväskylä
44350,Istunmäki
49200,Heinlahti
49540,Metsäkylä
54550,Suo-Anttila
72950,Porttila
81570,Kelvä
00041,Elo
02420,Jorvas
06400,Porvoo
07320,Jakari
27230,Lappi
31501,Koski Tl
34300,Kuru
34800,Virrat
44740,Keitelepohja
73500,Juankoski
92401,Ruukki
95710,Naamijoki
99100,Kittilä
00130,Helsinki
00940,Helsinki
02621,Espoo
21140,Rymättylä
31810,Oriniemi
35500,Korkeakoski
39180,Herttuala
43220,Mahlu
63301,Alavus
82675,Niirala
96700,Rovaniemi
99290,Kelontekemä
00241,Helsinki
17120,Paimela
21291,Rusko
25420,Lahnajärvi
32250,Kojonkulma
39620,Kovesjoki
60760,Pojanluoma
63660,Ähtärinranta
78850,Varkaus
82960,Lehtovaara
87400,Kajaani
90910,Kontio
91510,Rova
00003,Vastauslähetys
00371,Helsinki
17740,Kasiniemi
19110,Vierumäki
21520,Naskarla
25760,Kiila
31140,Menonen
42820,Riiho
47200,Elimäki
52150,Hauhala
58500,Punkaharju
64201,Närpiö
71170,Laukka-Aho
75710,Karhunpää
88310,Melalahti
88740,Härmänkylä
91901,Liminka
95490,Tornio
01620,Vantaa
01750,Vantaa
04420,Järvenpää
10320,Karjaa
21740,Utö
52700,Mäntyharju
53200,Lappeenranta
58910,Rantasalmi As
62510,Kuoppa-Aho
67701,Kokkola
71650,Hirvilahti
71890,Hamula
76780,Lamminmäki
81860,Viekijärvi
02101,Espoo
05100,Röykkä
11910,Riihimäki
16350,Niinikoski
33580,Tampere
69410,Sykäräinen
02470,Upinniemi
07410,Kråkö
34950,Ohtola
50101,Mikkeli
55121,Imatra
69950,Perho
73640,Sivakkavaara
79520,Viljolahti
79940,Vihtari
96101,Rovaniemi
99130,Sirkka
00971,Helsinki
02700,Kauniainen
02921,Espoo
07830,Pukaro
27801,Säkylä
35540,Juupajoki
39290,Vesajärvi
43340,Kannonjärvi
63360,Kuivaskylä
70301,Kuopio
74130,Iisalmi
91110,Ii As
97110,Rautiosaari
99340,Raattama
00280,Helsinki
00421,Helsinki
17870,Ruolahti
25501,Perniö
36201,Kangasala
39780,Alaskylä
61120,Louko
63780,Alastaipale
83130,Salokylä
91640,Särkijärvi
95350,Peura
00012,Fujitsu
00581,Helsinki
19250,Syrjäkoski
21570,Sauvo
25870,Dragsfjärd
31250,Teuro
42910,Pihlajavesi
47400,Kausala
52300,Ristiina
52760,Mynttilä
58610,Telakanava
75890,Saramo
88440,Jokikylä
88900,Kuhmo
89800,Suomussalmi Kk
93400,Taivalkoski
50970,Mikkeli
06950,Emäsalo
15840,Lahti
20360,Turku
20701,Turku
28190,Pori
40801,Vaajakoski
44501,Viitasaari
49730,Muurikkala
54800,Savitaipale
61330,Koskenkorva
62435,Pirttinen
69450,Yli-Lesti
73200,Varpaisjärvi
79620,Huutokoski
86110,Parhalahti
00861,Helsinki
02510,Oitmäki
07510,Askola
38910,Ala-Honkajoki
44910,Elämäjärvi
50150,Mikkeli
55330,Tiuruniemi
61600,Jalasjärvi
69980,Möttönen
73670,Luikonlahti
96200,Rovaniemi
99140,Köngäs
00170,Helsinki
02711,Espoo
02970,Espoo
07870,Skinnarby
14450,Rimmilä
31950,Sadonmaa
32440,Alastaro
35601,Halli
39360,Komi
39880,Kihniö As
43430,Väätäiskylä
70400,Kuopio
91200,Yli-Ii
97145,Totonvaara
99400,Enontekiö
99640,Tanhua
00300,Helsinki
00610,Helsinki
17970,Puukkoinen
21381,Aura
25540,Knaapila
36240,Kangasala
44100,Äänekoski
48401,Kotka
68501,Kruunupyy
83160,Tutjunniemi
87910,Linnantaus
88490,Pohjavaara
91700,Vaala
95370,Itäkoski
00015,Otavamedia
19320,Nikkaroinen
21600,Parainen
25910,Vänoxa
26661,Rauma
34410,Murole
52850,Halmeniemi
58650,Kiviapaja
75940,Mujejärvi
92101,Raahe
95770,Lankojärvi
98790,Paloperä
00050,Nets
01830,Lepsämä
04530,Ohkola
10440,Bollsta
10960,Hanko Pohjoinen
16100,Uusikylä
21870,Riihikoski
27320,Ihode
31600,Jokioinen
48210,Kotka
53650,Lappeenranta
59210,Melkoniemi
62620,Ala-Seppä
62901,Alajärvi
68220,Karhi
71745,Haatala
72140,Itä-Karttula
77320,Hurskaala
82160,Oskola
92500,Rantsila
05460,Hyvinkää
05950,Hyvinkää
12380,Leppäkoski
16601,Järvelä
21200,Raisio
38220,Sastamala
60110,Seinäjoki
66420,Ruto
72601,Keitele
77960,Pakarila
86810,Pyhäjärvi
01201,Vantaa
03600,Karkkila
13110,Hämeenlinna
32740,Sastamala
34110,Lakiala
41801,Korpilahti
42300,Jämsänkoski
46750,Liikkala
51760,Nuutilanmäki
66640,Maksamaa
79101,Leppävirta
97340,Meltaus
01451,Vantaa
01650,Vantaa
04240,Talma
28600,Pori
33210,Tampere
36910,Rautajärvi
71260,Juurikkamäki
90501,Oulu
97630,Pekkala
99970,Nuvvus
19600,Hartola
25330,Kuusjoki
29760,Köörtilä
33430,Vuorentausta
37241,Linnavuori
41160,Tikkakoski
51420,Harjumaa
57230,Savonlinna
64510,Nämpnäs
65101,Vaasa
74590,Kurenpolvi
83900,Juuka
90831,Haukipudas
95255,Alaniemi
08350,Lohja
15100,Lahti
15320,Lahti
22240,Hammarland
22840,Lappo
49300,Tavastila
65370,Vaasa
81270,Paukkaja
85100,Kalajoki
85500,Nivala
89760,Piispajärvi
02270,Espoo
06830,Kulloonkylä
15810,Lahti
20321,Turku
28120,Pori
40720,Jyväskylä
44460,Kalaniemi
49700,Miehikkälä
61301,Kurikka
62420,Kortesjärvi
68830,Bäckby
22330,Tjudö
74200,Vieremä
80101,Joensuu
97170,Jaatila
99410,Vuontisjärvi
00310,Helsinki
00441,Helsinki
21420,Lieto
32450,Tammiainen
36270,Kangasala
39930,Karvia
44120,Äänekoski
48600,Kotka
63880,Kukonkylä
68550,Öja
83320,Risti
87950,Kuluntalahti
91710,Jylhämä
95400,Tornio
99650,Sattanen
00621,Helsinki
18100,Heinola
21610,Kirjala
25940,Hiittinen
31340,Porras
40340,Jyväskylä
58690,Ala-Särkilahti
88600,Sotkamo
92130,Raahe
95615,Pekanpää
98810,Lunkkaus
00017,Fennia
00052,Vero
16200,Artjärvi
21880,Pöytyä
26740,Vasarainen
27400,Kiukainen
31610,Vaulammi
34430,Kekkonen
52920,Voikoski
53810,Lappeenranta
59320,Haapaoja
62640,Savonkylä
77350,Montola
82180,Huhtilampi
86470,Lumimetsä
88930,Lentiira
92520,Sipola
95790,Lampsijärvi
01900,Nurmijärvi
05470,Hyvinkää
12401,Tervakoski
16630,Tennilä
38270,Sastamala
41490,Niemisjärvi
60150,Seinäjoki
62940,Hoisko
72211,Tervo
82460,Hummovaara
82760,Hoilola
01260,Vantaa
06100,Porvoo
13130,Hämeenlinna
17240,Kalkkinen
34140,Mutala
38701,Kankaanpää
41840,Moksi
46801,Myllykoski
51810,Maivala
66440,Tervajoki
70781,Kuopio
79140,Kotalahti
01490,Vantaa
04251,Kerava
28610,Pori
32760,Suttila
33230,Tampere
42330,Haavisto
47401,Kausala
52301,Ristiina
66660,Bertby
66930,Kovjoki
71310,Vehmersalmi
90520,Oulu
94720,Kemi
97645,Juujärvi
19430,Pertunmaa
20811,Turku
25190,Pertteli
29100,Luvia
37121,Nokia
51201,Kangasniemi
56140,Äitsaari
57130,Savonlinna
64370,Myrkky
68500,Kruunupyy
70211,Kuopio
83830,Hukkala
90600,Oulu
02820,Espoo
07980,Kuninkaankylä
14810,Tuulos
43720,Kumpulainen
58175,Enonkoski
66295,Töjby
66510,Merikaarto
85820,Oksava
90101,Oulu
93220,Livo
01351,Vantaa
20540,Turku
28370,Pori
49930,Vaalimaa
61440,Untamala
86360,Ilveskorpi
94101,Kemi
97470,Alakylä
06151,Porvoo
07700,Koskenkylän Saha
13900,Pekola
20800,Turku
25160,Tuohittu
28880,Pori
50770,Korpikoski
56101,Ruokolahti
61760,Ilvesjoki
70200,Kuopio
73901,Rautavaara
79830,Palokki
80161,Joensuu
83780,Horsmanaho
90571,Oulu
02781,Espoo
03400,Vihti
07955,Tesjoki
19730,Särkilampi
39590,Tevaniemi
43660,Vastinki
57101,Savonlinna
58150,Makkola
62130,Hellanmaa
64770,Äystö
74740,Aittojärvi
81100,Kontiolahti
99520,Seipäjärvi
00360,Helsinki
00531,Helsinki
02170,Espoo
09120,Karjalohja
15200,Lahti
36601,Pälkäne
40521,Jyväskylä
44250,Äänekoivisto
48800,Kotka
54490,Ahomäki
98600,Kursu
99720,Riipi
00031,Ge
00680,Helsinki
00781,Helsinki
02361,Espoo
27110,Eurajoki
31450,Häntälä
44630,Kumpumäki
88690,Maanselkä
95675,Meltosjärvi
98950,Saija
00101,Helsinki
22130,Gottby
27600,Hinnerjoki
35300,Orivesi
39110,Simuna
54110,Lampikangas
59720,Uukuniemi
62800,Vimpeli
63160,Salmi
72400,Pielavesi
00201,Helsinki
21100,Naantali
21260,Raisio
46230,Valkeala
60511,Hyllykallio
63540,Hernesmaa
78310,Varkaus
82600,Tohmajärvi
82880,Mannervaara
91310,Arkala
04130,Sipoo
13300,Hämeenlinna
18120,Heinola
21480,Prunkila
25650,Strömma
38800,Jämijärvi
41940,Vesanka
46930,Huruksela
51940,Härkälä
58410,Haapakallio
66810,Kimo
70940,Jännevirta
75531,Nurmes
79350,Itä-Soisalo
83430,Käsämä
04350,Nahkela
10211,Inkoo
33311,Tampere
37105,Pakettiautomaatti
47710,Jaala
52550,Hirvensalmi
58770,Pihlajalahti
67300,Kokkola
71570,Syvänniemi
76130,Pieksämäki
95130,Hyryoja
97690,Sulaoja
99871,Inari
01720,Vantaa
04740,Sälinkää
10600,Tammisaari
29600,Noormarkku
29901,Merikarvia
33530,Tampere
37551,Lempäälä
37850,Metsäkansa
41310,Leppävesi
64240,Böle
68370,Ullava
95330,Tervola
97895,Mourujärvi
98350,Tapionniemi
15560,Nastola
20201,Turku
22520,Kastelholm
27820,Säkylä
33821,Tampere
41530,Veneranta
62301,Härmä
65230,Vaasa
65520,Helsingby
81430,Kivilahti
85210,Kähtävä
85730,Tulppo
93187,Ala-Siurua
23120,Mietoinen
23840,Soukainen
28330,Pori
54940,Solkei
66220,Bergö
86301,Oulainen
93601,Kuusamo
97430,Taapajärvi
22160,Mariehamn
00910,Helsinki
02600,Espoo
07601,Myrskylä
13800,Katinala
20761,Piispanristi
50520,Mikkeli
55801,Imatra
61401,Ylistaro
61710,Pentinmäki
64300,Lapväärtti
69660,Köyhäjoki
70111,Kuopio
80141,Joensuu
83720,Kuorevaara
02770,Espoo
07930,Pernaja
14680,Alvettula
19670,Mieskonmäki
35801,Mänttä
39530,Kilvakkala
43560,Vahanka
74300,Sonkajärvi
80790,Kontioranta
83960,Koli
99470,Karesuvanto
00023,Valtioneuvosto
00341,Helsinki
00520,Helsinki
02150,Espoo
08700,Lohja
15151,Lahti
36520,Raikku
39990,Alkkia
44200,Suolahti
48750,Kotka
64100,Kristiinankaupunki
68600,Pietarsaari
74700,Kiuruvesi
91780,Neittävä
95421,Tornio
98560,Kairala
99690,Vuotso
00025,If
00661,Helsinki
00770,Helsinki
02340,Espoo
21670,Pärnäinen
31401,Somero
68940,Lillby
88620,Korholanmäki
92220,Piehinki
95655,Etelä-Portimojärvi
98901,Salla
16300,Orimattila
27501,Kauttua
34550,Itä-Aure
35240,Ristakallio
38970,Lauhala
53950,Lappeenranta
59610,Tarnala
62740,Koskenvarsi
63130,Mäyry
72350,Pienola
77570,Jäppilä
82290,Nieminen
86601,Haapavesi
92640,Leskelä
95860,Pasmajärvi
99180,Rautusjärvi
00190,Helsinki
11130,Riihimäki
12640,Jokiniemi
16801,Hämeenkoski
46110,Tuohikotti
60420,Seinäjoki
63501,Lehtimäki
91260,Pahkakoski
01305,Pakettiautomaatti
03850,Pusula
13220,Hämeenlinna
17470,Maakeski
21430,Yliskulma
25610,Ylönkylä
38750,Veneskoski
41920,Kintaus
51900,Juva
58350,Villala
61230,Luopa
66500,Vähäkyrö
70900,Toivala
79255,Kurjala
62160,Karhunkylä
64830,Villamo
74380,Jyrkkä
74840,Koppeloharju
84100,Ylivieska
89610,Jumaliskylä
99760,Uimaniemi
00560,Helsinki
02200,Espoo
09520,Millola
22550,Vårdö
36660,Laitikkala
40600,Jyväskylä
44300,Konnevesi
48910,Kotka
49510,Husula
54510,Uro
68660,Pietarsaari
72810,Jylhänkylä
98660,Salmivaara
00036,Diners Club
00810,Helsinki
02401,Kirkkonummi
07280,Ilola
27160,Eurajoki
34240,Kämmenniemi
34730,Vaskuu
44680,Lahnanen
69101,Kannus
69701,Veteli
73410,Pieksänkoski
92330,Karinkanta
95700,Pello
95940,Tapojärvi
98980,Kallunki
00921,Helsinki
02610,Espoo
27650,Honkilahti
31750,Kehro
35400,Längelmäki
39150,Pinsiö
54230,Nuijamaa
63230,Lentilä
82655,Värtsilä
86710,Kärsämäki
92910,Tavastkenkä
96500,Rovaniemi
99250,Kiistala
00230,Helsinki
12920,Topeno
21280,Raisio
32201,Loimaa
60560,Halkosaari
78500,Varkaus
87200,Kajaani
90860,Halosenniemi
91430,Leppiniemi
04170,Paippinen
13430,Hämeenlinna
17610,Auttoinen
18200,Heinola
21500,Piikkiö
25701,Kemiö
52100,Anttola
66840,Pensala
71150,Vartiala
75680,Ylä-Luosta
83480,Ahonkylä
88270,Vuolijoki
01601,Vantaa
01731,Vantaa
04400,Järvenpää
10270,Barösund
47830,Hasula
52620,Kuitula
58850,Hiltula
62470,Purmojärvi
67410,Kokkola
71610,Salonkulma
95200,Simo
02020,Metsä
04920,Saarentaus
10640,Dragsvik
16310,Virenoja
29631,Pomarkku
33541,Tampere
37601,Valkeakoski
37910,Akaa
41331,Vihtavuori
68410,Alaveteli
71840,Kuuslahti
82301,Rääkkylä
97920,Suonnankylä
01009,Veikkaus
23201,Vinkkilä
27860,Köyliö
33850,Tampere
38420,Sastamala
41560,Säkinmäki
62340,Kuoppa
65280,Vaasa
65630,Karperö
16260,Hietana
21901,Yläne
26910,Unaja
27430,Panelia
31640,Humppila
52970,Pankalahti
53851,Lappeenranta
59511,Saari
62710,Kurejoki
77460,Maavesi
82210,Suhmura
86530,Annonen
95830,Vaattojärvi
05720,Hyvinkää
12540,Launonen
16730,Kutajärvi
21220,Raisio
41520,Hankasalmi
60220,Seinäjoki
63100,Kuortane
63430,Kätkänjoki
78201,Varkaus
82500,Kitee
82830,Haukivaara
86900,Pyhäkumpu
01280,Vantaa
06150,Porvoo
13201,Hämeenlinna
17430,Kurhila
41880,Oittila
45910,Voikkaa
51860,Narila
58260,Kumpuranta
61170,Sääskiniemi
66460,Haapala
70821,Kuopio
79180,Tuppurinmäki
01520,Vantaa
03710,Uusitalo
04300,Tuusula
24801,Halikko
33250,Tampere
42560,Pohjoisjärvi
47460,Hiisiö
52340,Hangastenmaa
66980,Monå
71380,Mustinlahti
75500,Nurmes
75970,Kohtavaara
90540,Oulu
97665,Pohjasperä
01671,Vantaa
25390,Kiikala
29310,Kaasmarkku
33480,Ylöjärvi
37420,Vesilahti
41230,Uurainen
48350,Kotka
61980,Päntäne
64700,Teuva
89440,Sakara
97820,Perä-Posio
99770,Jeesiö
20105,Pakettiautomaatti
22320,Ödkarby
33721,Tampere
57600,Savonlinna
65450,Sulva
81320,Kuismavaara
85140,Tynkä
89840,Yli-Vuokki
15520,Lahti
20380,Turku
22950,Jurmo
40900,Säynätsalo
44530,Ilmolahti
49410,Poitsila
49760,Suur-Miehikkälä
54820,Kotimäki
73230,Syvärinpää
81810,Jamali
85580,Nivala
86170,Yppäri
93420,Jurmu
00880,Helsinki
02540,Kylmälä
07130,Anttila
07550,Torppi
20720,Turku
38950,Honkajoki
44950,Kärväsjärvi
50170,Mikkeli
55420,Imatra
61340,Nopankylä
73730,Losomäki
96300,Rovaniemi
99160,Lompolo
00180,Helsinki
02730,Espoo
07890,Mickelspiltom
14500,Iittala
31970,Kanteenmaa
35630,Kuorevesi
39410,Luhalahti
43480,Pääjärvi
51430,Läsäkoski
56610,Rautjärvi
70420,Kuopio
88610,Vuokatti
92160,Saloinen
95635,Kaulinranta
98840,Ruuvaoja
04360,Tuusula
00020,Nordea
00065,Eläketurvakeskus
00290,Helsinki
00431,Helsinki
02941,Espoo
21380,Aura
25520,Perniö As
32430,Ylhäinen
39820,Kihniö
48400,Kotka
61150,Sydänmaa
83150,Roukalahti
87850,Paltaniemi
91150,Yli-Olhava
91670,Rokua
95365,Maula
99620,Kelujärvi
00601,Helsinki
17950,Kylämä
21590,Karuna
88470,Kontiomäki
92100,Raahe
95601,Ylitornio
98780,Maaninkavaara
02650,Espoo
00014,Helsingin Yliopisto
00048,Fortum
04501,Kellokoski
10421,Pohjankuru
15980,Messilä
19310,Karilanmaa
21860,Auvainen
26660,Rauma
34330,Poikelus
52830,Suomenniemi
62610,Tarvola
68210,Marinkainen
71740,Tavinsalmi
75930,Petäiskylä
77240,Halkokumpu
95760,Konttajärvi
05450,Nukari
12350,Turkhauta
16600,Järvelä
41450,Leppälahti
60101,Seinäjoki
62900,Alajärvi
72101,Karttula
72600,Keitele
77930,Kerkonjoensuu
82430,Puhos
86801,Pyhäsalmi
01200,Vantaa
05901,Hyvinkää
17201,Vääksy
21195,Velkua
33980,Pirkkala
38211,Sastamala
38680,Tuunajärvi
41800,Korpilahti
46730,Ruotila
51740,Huuhanaho
66100,Maalahti
70701,Kuopio
79100,Leppävirta
82730,Tuupovaara
97335,Ruuhivaara
01450,Vantaa
03430,Jokikunta
24240,Salo
28580,Pori
32730,Sastamala
33201,Tampere
71240,Paakkila
01151,Söderkulla
05880,Hyvinkää
12210,Hausjärvi
33950,Pirkkala
38200,Sastamala
38650,Yli-Putto
41730,Kivisuo
45700,Kuusankoski
54590,Kaitjärvi
51620,Pitkäaho
65920,Norra Vallgrund
66370,Närvijoki
70620,Kuopio
97310,Patokoski
98530,Pyhätunturi
94300,Kemi
02810,Espoo
07740,Pernajan Vanhakylä
07970,Ruotsinpyhtää
14770,Eteläinen
19420,Mansikkamäki
19770,Valittula
35990,Kolho
57120,Savonlinna
61801,Kauhajoki
62150,Rintakangas
64820,Kärjenkoski
70210,Kuopio
74360,Sonkakoski
80200,Joensuu
81120,Katajaranta
99540,Torvinen
00551,Helsinki
09430,Saukkola
15210,Lahti
22530,Sund
36640,Iltasmäki
40101,Jyväskylä
43701,Kyyjärvi
44280,Sumiainen
48900,Kotka
54501,Taavetti
58170,Simanala
68630,Pietarsaari
99750,Sassali
70006,Vastauslähetys
00690,Helsinki
02180,Espoo
02400,Kirkkonummi
31470,Somerniemi
34180,Länsi-Teisko
40531,Jyväskylä
44670,Suovanlahti
49490,Neuvoton
69100,Kannus
72740,Laukkala
73360,Pajulahti
92320,Siikajoki
95690,Mellakoski
98630,Ahvenselkä
98970,Onkamojärvi
00104,Smartpost
02601,Espoo
07231,Askola
27150,Eurajoki
27640,Honkilahti Kk
31730,Honkola
34710,Vaskivesi
39130,Sasi
59800,Kesälahti
62810,Savonjoki
69700,Veteli
86690,Karsikas
92830,Veneheitto
95930,Äkäsjoensuu
99240,Kuivasalmi
00211,Helsinki
16970,Evo
21110,Naantali
32200,Loimaa
35320,Hirsilä
54190,Konnunsuo
63210,Niinimaa
63600,Töysä
78480,Timola
87150,Kajaani
90850,Martinniemi
96460,Rovaniemi
12820,Räyskälä
17530,Arrakoski
90500,Oulu
94700,Kemi
97625,Vanttauskoski
01641,Vantaa
25320,Raatala
33420,Tampere
34150,Kyrönlahti
37240,Linnavuori
51380,Synsiö
56510,Puntala
61910,Nummijärvi
64490,Siipyy
80401,Ylämylly
83880,Kajoo
90820,Kello
97765,Impiö
08201,Lohja
29750,Pohjansaha
62201,Kauhava
65100,Vaasa
81260,Ahveninen
84880,Ylivieska
89200,Puolanka
89330,Suolijärvi
89740,Kianta
02260,Espoo
20006,Vastauslähetys
01401,Vantaa
04220,Kerava
20660,Littoinen
28500,Pori
32700,Huittinen
66590,Vassor
71200,Tuusniemi
90461,Oulunsalo
94500,Lautiosaari
97610,Oikarainen
25250,Märynummi
29201,Harjavalta
33101,Tampere
33401,Tampere
37180,Sarkola
51335,Kaihlamäki
56350,Kyläniemi
64460,Härkmeri
90800,Oulu
95225,Viantie
99930,Sevettijärvi
08150,Lohja
14960,Puutikkala
29700,Ahlainen
43940,Muhola
57201,Savonlinna
62190,Ruha
64930,Kodesjärvi
74510,Iisalmi
81220,Jakokoski
81820,Kylänlahti
84540,Ylivieska
89670,Näljänkä
02231,Espoo
15700,Lahti
20300,Turku
22730,Kökar
36880,Vehkajärvi
44400,Konginkangas
49220,Siltakylä
65320,Vaasa
68750,Småbönders
73100,Lapinlahti
81650,Hattuvaara
00711,Helsinki
02430,Masala
06450,Porvoo
31530,Pyöli
40640,Jyväskylä
44770,Valkeisjärvi
49610,Sivatti
55100,Imatra
69301,Toholampi
73600,Kaavi
92440,Saarikoski
98760,Hirvasvaara
00140,Helsinki
00820,Helsinki
00950,Helsinki
02631,Espoo
07360,Tirmo
27250,Lappi
27740,Voitoinen
31850,Koskioinen
39200,Kyröskoski
45160,Kouvola
69830,Pulkkinen
95990,Kurtakko
96900,Saarenkylä
99301,Muonio
00251,Helsinki
13100,Hämeenlinna
17150,Urajärvi
25460,Kisko
32270,Metsämaa
36110,Ruutana
39700,Parkano
43250,Kolkanlahti
60801,Ilmajoki
63330,Pahajoki
63700,Ähtäri
78880,Kuvansi
82710,Kovero
82980,Möhkö
87500,Kajaani
99555,Luosto
00381,Helsinki
17800,Kuhmoinen
21330,Paattinen
21531,Paimio
25820,Vestlax
31160,Nuutajärvi
52201,Puumala
64220,Yttermark
88350,Kivesjärvi
91600,Utajärvi
91930,Ala-Temmes
95520,Tornio
00006,Vastauslähetys
04431,Järvenpää
10330,Pinjainen
19120,Vierumäki
21760,Houtskari
42840,Kolkki
58520,Hiukkajoki
58940,Tuusmäki
71670,Kurolanlahti
75770,Puukari
81950,Pankajärvi
01770,Vantaa
05201,Rajamäki
10680,Skogby
16390,Pakaa
33610,Tampere
41370,Kuusa
53301,Lappeenranta
62830,Luoma-Aho
71920,Pajujärvi
77700,Rautalampi
82350,Tikkala
97965,Kynsilä
01120,Västerskog
12101,Oitti
33901,Tampere
38120,Sastamala
41661,Toivakka
45460,Savero
51540,Kalvitsa
66340,Sarvijoki
90150,Oulu
93277,Iinattijärvi
98500,Pelkosenniemi
01390,Vantaa
20611,Turku
23360,Kustavi
24100,Salo
46430,Tirva
65800,Raippaluoto
66550,Västerhankmo
85930,Kangaskylä
90450,Kempele
01055,Iss
14240,Janakkala
20900,Turku
25210,Vartsala
33341,Tampere
37140,Nokia
51270,Kutemajärvi
61500,Isokyrö
61820,Kainasto
70260,Kuopio
74101,Iisalmi
79895,Sarvikumpu
83840,Saarivaara
94430,Tornio
95201,Simo
97720,Yli-Simo
99910,Kaamanen
02880,Veikkola
07800,Lapinjärvi
14840,Tuulos
19470,Lihavanpää
19910,Tammijärvi
29640,Honkakoski
43840,Sompala
62170,Lakaluoma
64850,Möykky
72630,Kuusela
74420,Hernejärvi
80220,Joensuu
81200,Eno
02210,Espoo
20241,Turku
22630,Lumparland
36760,Luopioinen
44330,Hytölä
48930,Kotka
54530,Luumäki
68700,Teerijärvi
74940,Remeskylä
81560,Vuonisjärvi
85320,Sievi
00701,Helsinki
06200,Porvoo
15610,Lahti
31500,Koski Tl
34270,Velaatta
44730,Löytänä
69170,Yli-Kannus
72930,Tossavanlahti
73470,Västinniemi
92400,Ruukki
98720,Suomutunturi
10140,Päivölä
15300,Lahti
15801,Lahti
20320,Turku
22830,Enklinge
28101,Pori
40320,Jyväskylä
40701,Jyväskylä
44440,Räihä
49290,Vastila
54720,Laksiainen
62410,Rintala
68820,Ähtävä
73120,Nerkoo
81701,Lieksa
85470,Sievi
93290,Pintamo
00730,Helsinki
00840,Helsinki
02460,Kantvik
06750,Tolkkinen
44801,Pihtipudas
49660,Pyhältö
50100,Mikkeli
55120,Imatra
61300,Kurikka
69340,Purontaka
73620,Kortteinen
79480,Kangaslampi
99120,Kallo
00151,Helsinki
00970,Helsinki
02680,Espoo
07390,Suurpellinki
07820,Porlammi
27800,Säkylä
31901,Punkalaidun
34930,Liedenpohja
39230,Osara
69920,Oksakoski
74121,Iisalmi
79910,Kerma
96100,Rovaniemi
96960,Rovaniemi
99330,Pallastunturi
00271,Helsinki
00420,Helsinki
21360,Lieto As
25500,Perniö
36200,Kangasala
39770,Aureskoski
43300,Kannonkoski
61110,Vuolle
63355,Seinäjärvi
63770,Peränne
83101,Liperi
87700,Kajaani
99601,Sodankylä
00400,Helsinki
00580,Helsinki
17850,Pihlajakoski
21560,Ollila
25860,Björkboda
47350,Kimonkylä
52270,Ryhälä
58580,Vuoriniemi
83660,Varislahti
88401,Ristijärvi
91630,Juorkuna
95560,Tornio
00011,Posti
04460,Nummenkylä
10380,Kaunislahti
15901,Lahti
19230,Onkiniemi
21801,Kyrö
26510,Rauma
48130,Kotka
52740,Tuustaipale
59101,Parikkala
62570,Särkilä
68100,Himanka
75840,Ylä-Valtimo
77120,Venetmäki
82110,Heinävaara
01801,Klaukkala
05400,Jokela
10900,Hanko
16510,Luhtikylä
33700,Tampere
41401,Lievestuore
53500,Lappeenranta
54330,Simola
62860,Sahi
71960,Lukkarila
72530,Säviäntaipale
77800,Iisvesi
99981,Utsjoki
01660,Vantaa
19610,Murakka
25360,Pertteli
29251,Nakkila
33450,Siivikkala
37350,Vesilahti
40950,Muurame
41180,Vehniä
61940,Hyyppä
64550,Rangsby
80510,Onttola
95270,Ylikärppä
97785,Kelankylä
08450,Lohja
15110,Lahti
20025,If
22270,Eckerö
29810,Siikainen
33710,Tampere
37720,Ritvala
57310,Savonlinna
62230,Jylhä
74610,Honkaranta
81281,Uimaharju
89401,Hyrynsalmi
89780,Kaikkonen
95340,Loue
98100,Kemijärvi
15460,Mäkelä
15830,Lahti
22920,Brändö
23501,Uusikaupunki
28131,Pori
40800,Vaajakoski
44500,Viitasaari
49400,Hamina
54770,Heituinlahti
62430,Peltotupa
81720,Lieksa
86101,Pyhäjoki
90220,Oulu
93390,Puhoskylä
00741,Helsinki
00860,Helsinki
02490,Pikkala
06880,Kärrby
20700,Turku
38860,Suurimaa
44880,Muurasjärvi
49720,Hurttala
50130,Mikkeli
55320,Rauha
61310,Panttila
69440,Lestijärvi
69970,Salamajärvi
79601,Joroinen
99135,Rauhala
00161,Helsinki
00981,Helsinki
02710,Espoo
07500,Askola
07850,Heikinkylä
14430,Vuohiniemi
31930,Vanttila
34980,Killinkoski
35600,Halli
39340,Karhe
43420,Kukko
74160,Iisalmi
97140,Muurola
83340,Kaarnalampi
88120,Tuhkakylä
01534,Smartpost
04320,Tuusula
33271,Tampere
42660,Sahrajärvi
47540,Lyöttilä
52420,Pellosniemi
67100,Kokkola
71480,Kurkimäki
76100,Pieksämäki
97675,Narkaus
99831,Saariselkä
01700,Vantaa
01940,Palojoki
04660,Numminen
10520,Tenhola
29340,Kullaa
29880,Leväsjoki
33501,Tampere
37501,Lempäälä
41260,Hoikankylä
58130,Oravi
58200,Kerimäki
62101,Lapua
68300,Kälviä
71775,Tuovilanlahti
89600,Suomussalmi
95310,Liedakkala
97870,Jumisko
22410,Godby
33800,Tampere
65200,Vaasa
65460,Tölby
81360,Sarvinki
85180,Rahja
93160,Hetejärvi
15870,Hollola
20460,Turku
23100,Mynämäki
23660,Kalanti As
28240,Pori
32800,Kokemäki
44590,Vuorilahti
54920,Taipalsaari
66200,Korsnäs
73300,Nilsiä
85640,Nivala
86230,Ylipää
90250,Oulu
93540,Tyrövaara
97380,Kukasranta
22120,Mariehamn
02580,Siuntio
07171,Pornainen
07580,Askola
20750,Turku
45100,Kouvola
50190,Mikkeli
61370,Lohiluoma
61650,Kalakoski
64250,Pjelax
69600,Kaustinen
70100,Kuopio
73830,Siikajärvi
79690,Kaitainen
02750,Espoo
07901,Loviisa
19630,Kalhonkylä
35740,Ylä-Vääri
39500,Ikaalinen
43501,Karstula
56730,Laikko
70461,Kuopio
74240,Marttisenjärvi
80710,Lehmo
83915,Vihtasuo
99440,Leppäjärvi
00330,Helsinki
00510,Helsinki
02131,Espoo
03150,Huhmari
15140,Lahti
30300,Forssa
32520,Latva
36420,Sahalahti
39960,Sarvela
40351,Jyväskylä
44160,Huutomäki
63910,Inhan Tehtaat
68570,Luoto
91740,Jaalanka
99665,Moskuvaara
00641,Helsinki
00751,Helsinki
02300,Espoo
21650,Lillandet
31370,Eerikkilän Urheiluopisto
44920,Peninki
49750,Kalliokoski
55400,Imatra
69510,Halsua
73201,Varpaisjärvi
73710,Viitaniemi
79630,Kolma
86160,Pirttikoski
99150,Tepasto
00870,Helsinki
02720,Espoo
07530,Askola
31960,Orisuo
35100,Orivesi As
38920,Vatajankoski
39380,Lavajärvi
50160,Mikkeli
56550,Niska-Pietilä
61601,Jalasjärvi
74170,Iisalmi
80100,Joensuu
96201,Rovaniemi
99401,Enontekiö
00171,Helsinki
00301,Helsinki
00440,Helsinki
02980,Espoo
07880,Liljendal
25550,Aijala
32441,Alastaro
35610,Pihlaisto
39920,Suomijärvi
43440,Pylkönmäki
48410,Kotka
68530,Lepplax
87930,Salmijärvi
95375,Yli-Paakkola
97160,Petäjäinen
99645,Lokka
00620,Helsinki
21410,Vanhalinna
21601,Parainen
25930,Kasnäs
40321,Jyväskylä
44101,Äänekoski
63830,Keisala
88530,Paakki
91701,Vaala
95610,Kainuunkylä
00016,Kesko
21871,Riihikoski
26720,Monnanummi
31310,Mustiala
31601,Jokioinen
34420,Muroleen Kanava
48220,Kotka
52890,Käävänkylä
58680,Piojärvi
59310,Särkisalmi
62630,Karvala
68230,Lohtaja
71750,Maaninka
82170,Uskali
92120,Raahe
92501,Rantsila
95780,Sirkkakoski
98800,Savukoski
00051,Telia
01860,Perttula
04600,Mäntsälä
16160,Okkeri
16610,Kärkölä
27340,Reila
60120,Seinäjoki
62920,Levijoki
72210,Tervo
77330,Virtasalmi
86460,Alpua
01230,Vantaa
12400,Tervakoski
17220,Pietilä
21201,Raisio
34130,Ylinen
25700,Kemiö
38840,Niinisalo
41980,Kuivasmäki
46400,Kaipiainen
46960,Muhniemi
64101,Kristiinankaupunki
71130,Kortejoki
82901,Ilomantsi
83460,Harinjärvi
91410,Jokirinne
01600,Vantaa
04150,Martinkylä
04390,Jäniksenlinna
10250,Fagervik
18150,Heinola
42721,Keuruu
47810,Selänpää
52610,Tuukkala
58430,Kulennoinen
58830,Parkumäki
66830,Oravaisten Tehdas
67400,Kokkola
75650,Savikylä
97701,Ranua
01730,Vantaa
04840,Hautjärvi
10620,Tammisaari
29630,Pomarkku
33331,Tampere
33540,Tampere
37600,Valkeakoski
41330,Vihtavuori
53101,Lappeenranta
68390,Rahkonen
71820,Pöljä
76150,Pieksämäki
97901,Posio
27840,Köyliö
33841,Tampere
37900,Akaa
41550,Hannula
45360,Valkeala
66290,Harrström
81460,Käenkoski
90100,Oulu
93195,Kokkokylä
01350,Vantaa
20521,Turku
23200,Vinkkilä
28361,Pori
38370,Tervahauta
54960,Vehkataipale
65611,Mustasaari
66240,Petolahti
66501,Vähäkyrö
85801,Haapajärvi
90401,Oulu
13880,Hattula
20781,Kaarina
23930,Pyhämaa
25130,Muurla
32860,Korkeaoja
49901,Virolahti
50670,Otava
56100,Ruokolahti
61430,Isorehto
64320,Dagsmark
73900,Rautavaara
79810,Karvionkanava
83760,Sola
86350,Kilpua
90570,Oulu
94100,Kemi
02780,Espoo
07690,Kankkila
07945,Kuggom
14700,Hauho
35820,Mänttä
39580,Riitiala
43130,Tarvaala
57100,Savonlinna
61730,Yli-Valli
64760,Peltola
70151,Kuopio
74340,Sukeva
80160,Joensuu
80910,Kulho
99510,Raudanjoki
00351,Helsinki
00530,Helsinki
03320,Selki
08800,Lohja
19701,Sysmä
36600,Pälkäne
43640,Humppi
44220,Suolahti
48771,Kotka
54460,Ylijärvi
74720,Niemiskylä
95440,Tornio
99710,Vaalajärvi
00671,Helsinki
02160,Espoo
02360,Espoo
21710,Korppoo
26101,Rauma
31110,Matku
31410,Ylöpirtti
40520,Jyväskylä
44610,Kärnä
49461,Hamina
88670,Juurikkalahti
91800,Tyrnävä
92240,Lasikangas
95670,Pessalompolo
98580,Luiro
98930,Kotalankylä
00029,Hus
00780,Helsinki
22101,Mariehamn
27101,Eurajoki
34601,Ruovesi
39101,Hämeenkyrö
59710,Uukuniemi
62760,Menkijärvi
77600,Suonenjoki
92700,Kestilä
95901,Kolari
99195,Pokka
00100,Helsinki
00200,Helsinki
05820,Hyvinkää
11311,Riihimäki
16901,Lammi
27511,Eura
35270,Västilä
54101,Joutseno
60510,Hyllykallio
63150,Ruona
72380,Horontaipale
82590,Närsäkkälä
86650,Kytökylä
87101,Kajaani
12701,Loppi
13270,Hämeenlinna
17501,Padasjoki
21251,Masku
25640,Förby
38770,Lohikko
41930,Kuohu
51930,Paatela
63530,Länsikylä
70911,Vuorela
79330,Näädänmaa
82870,Luutalahti
83400,Viinijärvi
88201,Otanmäki
91300,Ylikiiminki
10210,Inkoo
37101,Nokia
42701,Keuruu
47650,Kimola
52520,Syväsmäki
58390,Rönkönvaara
58720,Kaartilankoski
66801,Oravainen
67200,Kokkola
71520,Kaislastenlahti
75530,Nurmes
97685,Siika-Kämä
99870,Inari
01711,Vantaa
04330,Lahela
10570,Bromarv
29570,Söörmarkku
33310,Tampere
33521,Tampere
37550,Lempäälä
41290,Kangashäkki
62440,Perkiömäki
68320,Ruotsalo
71801,Siilinjärvi
76120,Pieksämäki
95110,Kuivaniemi Kk
95325,Paakkola
97890,Karjalaisenniemi
20200,Turku
22430,Saltvik
29900,Merikarvia
33820,Tampere
41521,Hankasalmi
62300,Härmä
66270,Pirttikylä
00040,Sanoma
00121,Helsinki
00931,Helsinki
02620,Espoo
07310,Sannainen
27220,Lappi
27710,Köyliö
31761,Urjala
34770,Kurjenkylä
39170,Jumesniemi
54270,Vainikkala
69750,Sillanpää
92930,Pyhäntä
95970,Äkäslompolo
96600,Rovaniemi
99280,Tepsa
00240,Helsinki
17110,Kalliola
21130,Poikko
35480,Längelmäki
43170,Häkkilä
60720,Tuomikylä
63300,Alavus
63640,Ritola
78710,Varkaus
82670,Kaurila
87300,Kajaani
90901,Kiiminki
13501,Hämeenlinna
17710,Torittu
21290,Rusko
21510,Hevonpää
25730,Mjösund
31130,Koijärvi
47150,Raussila
64200,Närpiö
83501,Outokumpu
91501,Muhos
91900,Liminka
95470,Tornio
00002,Helsinki
01611,Vantaa
04201,Kerava
10301,Karjaa
18600,Myllyoja
47900,Vuohijärvi
58901,Rantasalmi
62501,Evijärvi
67700,Kokkola
71640,Talluskylä
75701,Valtimo
76620,Pyhitty
81850,Mätäsvaara
01741,Vantaa
04940,Levanto
10650,Tammisaari
16330,Heinämaa
33561,Tampere
41341,Laukaa
53130,Lappeenranta
71870,Harjamäki
97940,Lohiranta
01053,Finnair
02100,Espoo
05830,Hyvinkää
27920,Säkylä
33880,Lempäälä
38470,Sastamala
45371,Valkeala
62370,Kangasto
65300,Vaasa
66301,Jurva
72401,Pielavesi
93240,Rytinki
98420,Ryti-Lehtola
01361,Vantaa
23260,Rautila
28400,Ulvila
65710,Singsby
66530,Koivulahti
85900,Reisjärvi
86401,Vihanti
97520,Nampa
13530,Hämeenlinna
14140,Jokimaa
20810,Turku
23960,Santtio
25180,Pertteli
32920,Kauvatsa
45150,Kouvola
49960,Ala-Pihlaja
51200,Kangasniemi
61460,Hanhikoski
73990,Kangaslahti
79860,Suuraho
83825,Kinahmo
81420,Tyrjänsaari
85201,Alavieska
89605,Pakettiautomaatti
93180,Ikosenniemi
98310,Kemijärvi
15551,Nastola
20501,Turku
28300,Pori
54930,Levänen
65480,Vikby
66210,Molpe
85710,Parkkila
90310,Oulu
93600,Kuusamo
97420,Lohiniva
22151,Jomala
00401,Helsinki
02590,Lappers
07220,Kaarenkylä
13721,Parola
15880,Hollola
20760,Piispanristi
23801,Laitila
24910,Halikko As
28800,Pori
32810,Peipohja
45120,Kouvola
49860,Klamila
50500,Mikkeli
55800,Imatra
61400,Ylistaro
73310,Tahkovuori
79701,Heinävesi
83701,Polvijärvi
86300,Oulainen
90550,Oulu
02761,Espoo
07600,Myrskylä
07920,Loviisa
14620,Tyrväntö
56801,Simpele
61680,Mantila
70110,Kuopio
74270,Kauppilanmäki
80140,Joensuu
83950,Ahmovaara
99460,Kuttanen
00340,Helsinki
03250,Ojakkala
08680,Lohja
15150,Lahti
19651,Joutsa
32610,Vampula
35800,Mänttä
36450,Salmentaka
39980,Sara
43540,Rantakylä
44190,Parantala
48720,Kotka
63950,Vehunkylä
68580,Larsmo
74680,Myllyniemi
80780,Kontioniemi
95420,Tornio
00660,Helsinki
02321,Espoo
21661,Nauvo
30421,Forssa
31400,Somero
40420,Jyskä
68930,Purmo
91760,Säräisniemi
92210,Arkkukari
95645,Turtola
04340,Tuusula
00024,Yleisradio
00761,Helsinki
26950,Voiluoto
31650,Venäjänkangas
34530,Länsi-Aure
38951,Honkajoki
48300,Kotka
59530,Mikkolanniemi
62730,Haukkala
77520,Haapakoski
89140,Kotila
92620,Piippola
95850,Ruokojärvi
98900,Salla
00090,Helen
00181,Helsinki
05801,Hyvinkää
11120,Riihimäki
16280,Kuivanto
16800,Hämeenkoski
20960,Turku
27500,Kauttua
53920,Lappeenranta
60320,Seinäjoki
63120,Leppälänkylä
72330,Tiitilänkylä
78250,Varkaus
82510,Kiteenlahti
86600,Haapavesi
01301,Vantaa
12630,Sajaniemi
13211,Hämeenlinna
17450,Iso-Äiniö
21240,Askainen
25570,Teijo
38740,Hapuoja
41901,Petäjävesi
45940,Oravala
92150,Raahe
95630,Kuivakangas
00019,Ssc
00750,Helsinki
21900,Yläne
26840,Kortela
31630,Minkiö
48230,Kotka
52960,Nurmaa
58701,Sulkava
59510,Saari
62660,Itäkylä
82201,Hammaslahti
92600,Pulkkila
98830,Martti
00060,Tehy
05620,Hyvinkää
11101,Riihimäki
16230,Artjärvi Kk
16710,Hollola Kk
27420,Panelia As
45201,Kouvola
53850,Lappeenranta
62990,Möksy
72300,Vesanto
77430,Siikamäki
78200,Varkaus
82490,Heinoniemi
86510,Matkaniva
86870,Vesikoski
12520,Kormu
13200,Hämeenlinna
17410,Viitaila
38300,Sastamala
41870,Putkilahti
45810,Pilkanmaa
51850,Vuorenmaa
61160,Koura
63410,Rantatöysä
66450,Jakkula
70820,Kuopio
79160,Saamaiskylä
82820,Maukkula
01511,Vantaa
28660,Pori
38710,Kankaanpää
42520,Asunta
46860,Keltakangas
47450,Perheniemi
52330,Heimari
58220,Louhi
66680,Kaurajärvi
71360,Litmaniemi
90530,Oulu
97655,Autti
99801,Ivalo
01670,Vantaa
04261,Kerava
24800,Halikko
25380,Rekijoki
29280,Järvimaa
33240,Tampere
33471,Ylöjärvi
37380,Vesilahti
66970,Hirvlax
94830,Kemi
97815,Pernu
99999,Korvatunturi
08500,Lohja
22310,Pålsböle
29830,Sammi
33720,Tampere
37770,Tarttila
41220,Höytiä
61960,Kyrönlatva
62260,Hirvijoki
65130,Vaasa
74640,Sulkavanjärvi
81295,Haapalahti
85120,Metsä
89430,Hoikka
98120,Kemijärvi
98550,Suvanto
15501,Lahti
20101,Turku
20361,Turku
22940,Åva
28200,Pori
54801,Savitaipale
81750,Pankakoski
85560,Nivala
89830,Ala-Vuokki
90230,Oulu
93401,Taivalkoski
02520,Lapinkylä
07110,Hinthaara
13600,Hämeenlinna
15850,Lahti
40820,Haapaniemi
04230,Kerava
32620,Rutava
33200,Tampere
37210,Kulovesi
56440,Pohjalankila
61560,Orisberg
64480,Skaftung
66901,Uusikaarlepyy
90810,Kiviniemi
97760,Saariharju
99950,Karigasniemi
19540,Koitti
29740,Etelämaa
33411,Tampere
51360,Koivula
57220,Savonlinna
61880,Ikkeläjärvi
62200,Kauhava
74550,Pörsänmäki
80400,Ylämylly
84770,Ylivieska
86440,Lampinsaari
89320,Joukokylä
70010,Luja
08200,Lohja
10120,Tähtelä
15270,Kukkila
22820,Kumlinge
40271,Palokka
44420,Liimattala
49270,Pyhtää
62395,Petterinmäki
65350,Vaasa
68810,Ytteresse
81235,Lehtoi
81700,Lieksa
85450,Sievi
89730,Ahjola
00721,Helsinki
02241,Espoo
02440,Luoma
06650,Hamari
15800,Lahti
40700,Jyväskylä
44800,Pihtipudas
49640,Paijärvi
61290,Taivalmaa
69330,Määttälä
73110,Mäntylahti
92470,Tuomioja
00830,Helsinki
02661,Espoo
14300,Renko
27310,Kodisjoki
31900,Punkalaidun
34910,Äijänneva
69910,Kivikangas
99110,Kaukonen
99320,Kätkäsuvanto
00150,Helsinki
00270,Helsinki
00411,Helsinki
00960,Helsinki
25470,Kisko
32300,Mellilä
35530,Lyly
39750,Kuivasjärvi
43270,Kalmari
63350,Sulkavankylä
87601,Kajaani
91101,Ii
96930,Napapiiri Rovaniemi
99600,Sodankylä
00391,Helsinki
17840,Harjunsalmi
21350,Ilmarinen
25840,Nivelax
36120,Suinula
52230,Hurissalo
64840,Heikkilänjoki
70240,Kuopio
70501,Kuopio
74390,Laakajärvi
80210,Joensuu
83835,Ruvaslahti
84101,Ylivieska
00561,Helsinki
07990,Ruotsinkylä
09630,Koisjärvi
15230,Lahti
19850,Putkijärvi
22610,Lemland
36720,Aitoo
40200,Jyväskylä
43800,Kivijärvi
58180,Ihamaniemi
62165,Tiistenjoki
68690,Sundby
81160,Romppala
81470,Naarva
85310,Sievi As
00700,Helsinki
02201,Espoo
15580,Ruuhijärvi
20240,Turku
34260,Terälahti
86400,Vihanti
90580,Oulu
94200,Kemi
97510,Vikajärvi
07720,Malmgård
19410,Kuortti
25170,Kotalato
39610,Kovelahti
51130,Vanhamäki
61800,Kauhajoki
64350,Karijoki
64810,Vanhakylä
70201,Kuopio
73970,Riitasalo
74345,Kalliosuo
80170,Joensuu
83985,Tuopanjoki
99530,Vuojärvi
00370,Helsinki
00550,Helsinki
07960,Ahvenkoski
09220,Sammatti
19740,Liikola
40100,Jyväskylä
43700,Kyyjärvi
48810,Kotka
58160,Karvila
68620,Pietarsaari
74770,Kalliokylä
81101,Kontiolahti
99740,Syväjärvi
02171,Espoo
40530,Jyväskylä
44260,Vihijärvi
44640,Kymönkoski
49480,Summa
54500,Taavetti
72710,Vaaraslahti
88730,Ylä-Vieksi
95680,Lohijärvi
98620,Pahkakumpu
53006,Vastauslähetys
60006,Vastauslähetys
90015,Oulun Kaupunki
00990,Helsinki
00089,Sanoma
90014,Oulun Yliopisto
00099,Helsingin Kaupunki
00061,Elisa
02330,Espoo
00080,Wärtsilä
70901,Toivala
00063,Laskunet
90029,Pohde
00021,Laskutus
06500,Porvoo
83100,Liperi
88400,Ristijärvi
91620,Sanginkylä
95540,Tornio
10360,Mustio
19210,Lusi
21555,Taatila
21800,Kyrö
26410,Kaaro
31230,Susikas
42870,Kotala
47310,Haapa-Kimola
48101,Kotka
52730,Koirakivi
58570,Ruhvana
71690,Varpasmaa
83630,Kuusjärvi
91980,Lumijoki
01800,Klaukkala
10820,Lappohja
15900,Lahti
33680,Tampere
41140,Kuikka
53420,Lappeenranta
59100,Parikkala
71950,Lammasaho
77110,Paltanen
77770,Myhinpää
97980,Anetjärvi
05860,Hyvinkää
12170,Hietoinen
16500,Herrala
33920,Pirkkala
38140,Sastamala
41400,Lievestuore
41710,Rutalahti
45611,Koria
51601,Haukivuori
54310,Hytti
66360,Kesti
72510,Jokijärvi
01150,Söderkulla
01400,Vantaa
23450,Lokalahti
38601,Lavia
46530,Kannuskoski
65870,Björköby
66580,Kuni
70601,Kuopio
85980,Köyhänperä
90460,Oulunsalo
97290,Marraskoski
97590,Raajärvi
24105,Pakettiautomaatti
25410,Suomusjärvi
29200,Harjavalta
33100,Tampere
37150,Nokia
56330,Utula
61520,Lehmäjoki
64450,Kallträsk
90651,Oulu
02920,Espoo
14930,Sappee
19510,Lepsala
25240,Hajala
29680,Lassila
33400,Tampere
57200,Savonlinna
61850,Kauhajoki As
64901,Isojoki
70300,Kuopio
74490,Koirakoski
79410,Niinimäki
80260,Joensuu
83855,Martonvaara
84460,Ylivieska
89201,Puolanka
95220,Simoniemi
08101,Lohja
09930,Leppäkorpi
15241,Lahti
19950,Luhanka
20251,Turku
22720,Sottunga
36840,Pohja
40250,Jyväskylä
43901,Kinnula
49210,Huutjärvi
62185,Mäki-Paavola
81210,Louhioja
81590,Vuonislahti
85410,Sievi
89660,Takalo
00710,Helsinki
02230,Espoo
06401,Porvoo
15680,Lahti
34301,Kuru
44370,Konnevesi
44760,Keihärinkoski
49570,Kannusjärvi
54580,Somerharju
69300,Toholampi
72980,Petäjäkylä
95720,Jarhoinen
00043,Edita
02421,Jorvas
02630,Espoo
07350,Gäddrag
27231,Lappi
31520,Pitkäjärvi
31830,Halkivaha
34801,Virrat
39195,Kaipio
49980,Ravijoki
69820,Räyrinki
73501,Juankoski
92430,Paavola
93100,Pudasjärvi
95980,Ylläsjärvi
99101,Kittilä
99300,Muonio
00131,Helsinki
00250,Helsinki
00941,Helsinki
17130,Vesivehmaa
21150,Röölä
27730,Tuiskula
32260,Kojonperä
39660,Lapinneva
43240,Lehtola
60800,Ilmajoki
63320,Kattelus
78870,Varkaus
82685,Littilä
87401,Kajaani
90940,Jääli
96800,Rovaniemi
99550,Aska
00380,Helsinki
17780,Harmoinen
21310,Vahto
25430,Kettula
25810,Mark
36100,Kangasala As
52200,Puumala
63680,Hakojärvi
90830,Haukipudas
95260,Tainionjoki
97780,Kuukasjärvi
99980,Utsjoki
08360,Lohja
15101,Lahti
19601,Hartola
29790,Tuorila
37700,Sääksmäki
41161,Tikkakoski
61920,Nummikoski
62220,Pernaa
74595,Runni
85101,Kalajoki
89400,Hyrynsalmi
93101,Pudasjärvi
15340,Lahti
20014,Turun Yliopisto
22910,Torsholma
28130,Pori
44480,Niinilahti
49340,Juurikorpi
62421,Kortesjärvi
65380,Vaasa
68840,Nederlappfors
81280,Uimaharju
85501,Nivala
89770,Peranka
93350,Jaurakkajärvi
00740,Helsinki
02271,Espoo
02471,Upinniemi
06850,Kulloo
15820,Lahti
23500,Uusikaupunki
40740,Jyväskylä
44860,Alvajärvi
54750,Välijoki
55300,Rauha
69420,Syri
73645,Niinivaara
79600,Joroinen
86100,Pyhäjoki
00850,Helsinki
02701,Kauniainen
07450,Voolahti
34970,Toisvesi
39310,Viljakkala
50120,Mikkeli
69951,Perho
96190,Rovaniemi
99131,Sirkka
99360,Kangosjärvi
00160,Helsinki
00281,Helsinki
00430,Helsinki
00980,Helsinki
02940,Espoo
07840,Lindkoski
32410,Niinijoki
35550,Salokunta
36220,Kangasala
39810,Linnankylä
43390,Lokakylä
61140,Pasto
63370,Taipalus
70340,Kuopio
87830,Nakertaja
91140,Olhava
95355,Koivu
97130,Hirvas
99610,Siurunmaa
00600,Helsinki
17930,Päijälä
21370,Aura Kk
25900,Taalintehdas
63800,Soini
83140,Puromäki
88460,Hiisijärvi
91660,Ahmas
95600,Ylitornio
00013,Op
10420,Pohjankuru
19260,Paaso
21571,Sauvo
21840,Karinainen
26560,Kolla
31300,Tammela
34320,Parkkuu
42930,Katajamäki
48200,Kotka
52780,Kuomiokoski
58620,Lohilahti
62601,Lappajärvi
71730,Kinnulanlahti
82140,Kiihtelysvaara
88901,Kuhmo
98770,Aholanvaara
00045,Nokia Group
01820,Klaukkala
04500,Kellokoski
05430,Nuppulinna
10940,Hangonkylä
53600,Lappeenranta
64210,Kalax
82967,Hattu
88340,Manamansalo
91560,Kylmälänkylä
95500,Tornio
01621,Vantaa
21530,Paimio
21750,Norrskata
42830,Ylä-Kolkki
47201,Elimäki
47910,Hillosensalmi
52701,Mäntyharju
58501,Punkaharju
62520,Kautiainen
71660,Leinolanlahti
75740,Pajukoski
88760,Iivantiira
91910,Tupos
01760,Vantaa
04430,Järvenpää
05200,Rajamäki
10660,Tammisaari
40951,Muurame
53300,Lappeenranta
58920,Kolkontaipale
67800,Kokkola
71910,Alapitkä
76850,Naarajärvi
82335,Rasivaara
97960,Kuloharju
02110,Espoo
05840,Hyvinkää
12100,Oitti
33581,Tampere
33900,Tampere
38100,Sastamala
41360,Valkola
41660,Toivakka
45411,Utti
62380,Kosolankylä
66330,Hakko
72430,Pielavesi
77690,Suontee
93270,Sotkajärvi
98450,Kostamo
01380,Vantaa
20610,Turku
23311,Taivassalo
28430,Pori
38510,Sastamala
51520,Hiirola
65760,Iskmo
66540,Petsmo
90441,Kempele
97250,Raanujärvi
19370,Nuoramoinen
29101,Luvia
37130,Nokia
56210,Virmutjoki
74100,Iisalmi
79885,Etelä-Petruma
90630,Oulu
94401,Keminmaa
97540,Tiainen
97715,Raiskio
02860,Espoo
07780,Härkäpää
14201,Turenki
14820,Tuulos
19460,Ruorasmäki
33340,Tampere
51260,Tahkomäki
61810,Luomankylä
38250,Sastamala
41820,Saakoski
45740,Kuusankoski
51780,Kuosmala
66430,Vedenoja
79130,Sorsakoski
82750,Öllölä
00075,Danske Bank
01480,Vantaa
03601,Karkkila
13111,Hämeenlinna
28601,Pori
32741,Sastamala
38700,Kankaanpää
42301,Jämsänkoski
46800,Myllykoski
66140,Övermalax
70780,Kuopio
71280,Kosula
97635,Juuniemi
01651,Vantaa
04250,Kerava
24260,Salo
25340,Kanunki
29250,Nakkila
33211,Tampere
37310,Tottijärvi
38841,Niinisalo
64530,Norrnäs
66910,Sokaluoto
83901,Juuka
51890,Risulahti
61220,Myllysalo
63500,Lehtimäki
70871,Hiltulanlahti
79230,Moninmäki
82850,Kinnasniemi
87970,Jormua
91240,Tannila
01531,Vantaa
03810,Ikkala
21421,Lieto
36930,Kyynärö
42601,Multia
46901,Inkeroinen
47520,Iitti
58320,Raikuu
66730,Oxkangar
71470,Oravikoski
97670,Kivitaipale
99830,Saariselkä
33014,Tampereen Yliopisto
01690,Vantaa
04310,Tuusula
04630,Sääksjärvi
10480,Antskog
33270,Tampere
33500,Tampere
37500,Lempäälä
54410,Ylämaa
64720,Perälä
68240,Ala-Viirre
95100,Kuivaniemi
97850,Ristilä
01901,Nurmijärvi
22340,Geta
33731,Tampere
37801,Akaa
41240,Kyynämöinen
57810,Savonlinna
62100,Lapua
62290,Hirvikylä
81350,Tokrajärvi
85160,Rautio
89560,Karhuvaara
93140,Kipinä
98230,Luusua
15540,Villähde
20400,Turku
44580,Huopanankoski
49420,Hamina
54915,Saimaanharju
85630,Nivala
89920,Ruhtinansalmi
93470,Inget
02570,Siuntio Kk
07170,Pornainen
13701,Parolannummi
20741,Turku
23601,Kalanti
49780,Onkamaa
55610,Imatra
61360,Mieto
66160,Långåminne
69570,Karvonen
73810,Palonurmi
79680,Lahnalahti
86220,Merijärvi
02740,Espoo
07565,Kantele
14530,Leteensuo
39450,Sisättö
50180,Mikkeli
51450,Pajulankylä
56710,Miettilä
61640,Ala-Valli
70460,Kuopio
74230,Salahmi
80110,Joensuu
83910,Paalasmaa
96320,Rovaniemi
99430,Nunnanen
00321,Helsinki
00501,Helsinki
03101,Nummela
07900,Loviisa
19620,Pohela
35701,Vilppula
36340,Tohkala
39940,Kantti
43500,Karstula
48700,Kotka
63900,Myllymäki
68560,Eugmo
95407,Noutopiste
99660,Kersilö
00640,Helsinki
02290,Espoo
21630,Lielahti Tl
25960,Högsåra
30101,Forssa
40350,Jyväskylä
68910,Pännäinen
91730,Kankari
59130,Koitsanlahti
60100,Seinäjoki
62880,Sääksvesi
68150,Hillilä
72100,Karttula
77220,Neuvola
77910,Vaajasalmi
82395,Haarajärvi
05900,Hyvinkää
12310,Ryttylä
17200,Vääksy
21180,Livonsaari
33961,Pirkkala
38210,Sastamala
41440,Ruuhimäki
41770,Leivonmäki
45720,Kuusankoski
51720,Rahula
54390,Pulsa
66401,Laihia
72570,Mäntylä
86800,Pyhäsalmi
40006,Vastauslähetys
01190,Box
28560,Pori
32710,Sampu
38670,Kalliala
42220,Kaipola
46710,Sippola
65970,Söderudden
70700,Kuopio
71210,Tuusjärvi
90480,Hailuoto
97330,Rattosjärvi
97620,Viiri
01640,Vantaa
13505,Pakettiautomaatti
40275,Pakettiautomaatti
67605,Pakettiautomaatti
15145,Pakettiautomaatti
96905,Pakettiautomaatti
60125,Pakettiautomaatti
32705,Pakettiautomaatti
29105,Pakettiautomaatti
44505,Pakettiautomaatti
40955,Pakettiautomaatti
04325,Pakettiautomaatti
37915,Pakettiautomaatti
74705,Pakettiautomaatti
00775,Pakettiautomaatti
40525,Pakettiautomaatti
06105,Pakettiautomaatti
26105,Pakettiautomaatti
84105,Pakettiautomaatti
70029,Kys
54105,Pakettiautomaatti
54505,Pakettiautomaatti
80105,Pakettiautomaatti
83505,Pakettiautomaatti
28105,Pakettiautomaatti
32805,Pakettiautomaatti
51205,Pakettiautomaatti
21205,Pakettiautomaatti
01044,Dna
02325,Pakettiautomaatti
00395,Pakettiautomaatti
02215,Pakettiautomaatti
00515,Pakettiautomaatti
02135,Pakettiautomaatti
04305,Pakettiautomaatti
40105,Pakettiautomaatti
21105,Pakettiautomaatti
62105,Pakettiautomaatti
00525,Pakettiautomaatti
00725,Pakettiautomaatti
00135,Pakettiautomaatti
01615,Pakettiautomaatti
05205,Pakettiautomaatti
00605,Pakettiautomaatti
00255,Pakettiautomaatti
35305,Pakettiautomaatti
37835,Pakettiautomaatti
35805,Pakettiautomaatti
36225,Pakettiautomaatti
85105,Pakettiautomaatti
63705,Pakettiautomaatti
00845,Pakettiautomaatti
04435,Pakettiautomaatti
03605,Pakettiautomaatti
29205,Pakettiautomaatti
43105,Pakettiautomaatti
53305,Pakettiautomaatti
16305,Pakettiautomaatti
00935,Pakettiautomaatti
13105,Pakettiautomaatti
42105,Pakettiautomaatti
61805,Pakettiautomaatti
94105,Pakettiautomaatti
01805,Pakettiautomaatti
93605,Pakettiautomaatti
32205,Pakettiautomaatti
04605,Pakettiautomaatti
33585,Pakettiautomaatti
20325,Pakettiautomaatti
78205,Pakettiautomaatti
23505,Pakettiautomaatti
33105,Pakettiautomaatti
15245,Pakettiautomaatti
50105,Pakettiautomaatti
20765,Pakettiautomaatti
08105,Pakettiautomaatti
03105,Pakettiautomaatti
95425,Pakettiautomaatti
94605,Pakettiautomaatti
30107,Noutopiste
02715,Pakettiautomaatti
65305,Pakettiautomaatti
11135,Pakettiautomaatti
57090,Visma
40014,Jyväskylän Yliopisto
94460,Tornio
60060,Atria
22110,Mariehamn
60061,Atria
00790,Helsinki
13131,Hämeenlinna
80791,Kontioranta
79820,Varistaipale
80511,Onttola
00030,Iiris
00088,S-Ryhmä
02070,Espoon Kaupunki
00054,Valtiokonttori
01051,Laskut
87070,Kainuu
00095,Neste
00791,Helsinki
70840,Kuopio
04620,Mäntsälä
04820,Kaukalampi
02066,Docuscan
73320,Nilsiä
74140,Iisalmi
74150,Iisalmi
74520,Iisalmi
37570,Lempäälä
02022,Nokia Solutions And Networks
67500,Kokkola
20730,Turku
95460,Tornio
82770,Kaustajärvi
01006,Vastauslähetys
21006,Vastauslähetys
41006,Vastauslähetys
40620,Jyväskylä
44320,Sirkkamäki
49520,Reitkalli
69150,Eskola
72840,Saarela
95701,Pello
98710,Joutsijärvi
90006,Vastauslähetys
00039,Valio
00811,Helsinki
02410,Kirkkonummi
02611,Espoo
27170,Eurajoki
31490,Terttilä
31760,Urjala
34740,Koro
69730,Tunkkari
73460,Muuruvesi
92350,Revonlahti
92920,Ahokylä
95950,Kihlanki
98995,Hautajärvi
99270,Hormakumpu
00120,Helsinki
00930,Helsinki
21120,Raisio
27670,Mannila
32210,Loimaa
35420,Talviainen
39160,Julkujärvi
54250,Rapattila
59810,Suurikylä
60640,Isokoski
63250,Rantala
78610,Varkaus
82660,Uusi-Värtsilä
90900,Kiiminki
00231,Helsinki
12950,Vojakkala
17630,Vesijako
25710,Vreta
42100,Jämsä
52110,Majavesi
63610,Tuuri
82915,Sonkaja
87250,Kajaani
88300,Paltamo
91500,Muhos
95450,Tornio
01610,Vantaa
04200,Kerava
10300,Karjaa
13500,Hämeenlinna
18300,Heinola Kk
21501,Piikkiö
42800,Haapamäki
47110,Löytty
58450,Punkaharju
62500,Evijärvi
64140,Tiukka
66850,Jepua
71160,Riistavesi
75700,Valtimo
83500,Outokumpu
01740,Vantaa
04401,Järvenpää
10641,Dragsvik
47850,Verla
53104,Smartpost
58900,Rantasalmi
67600,Kokkola
71850,Leppäkaarre
76280,Partaharju
82310,Oravisalo
97925,Tolva
02044,Vtt
11710,Riihimäki
16320,Pennala
29940,Kuvaskangas
33560,Tampere
33851,Tampere
37911,Akaa
41340,Laukaa
41580,Sauvamäki
45370,Valkeala
62350,Ekola
66300,Jurva
77601,Suonenjoki
93225,Pärjänsuo
98400,Isokylä
01360,Vantaa
20541,Turku
23210,Vehmaa
27910,Säkylä
38460,Sastamala
65650,Koskö
66520,Veikkaala
85840,Kuona
90120,Oulu
90420,Oulu
10160,Degerby
20801,Turku
23950,Pyhäranta
28900,Pori
32910,Kauvatsa As
56120,Salosaari
61450,Kylänpää
79850,Uusi-Valamo
91006,Vastauslähetys
00105,Pakettiautomaatti
22111,Mariehamn
00079,Metropolia
33870,Tampere
00220,Helsinki
00540,Helsinki
00590,Helsinki
00890,Helsinki
01840,Klaukkala
04410,Järvenpää
05810,Hyvinkää
15160,Lahti
02480,Kirkkonummi
02450,Sundsberg
10611,Raasepori
00038,Logica
87788,S-Ryhmä
00076,Aalto
90601,Oulu
00066,Hsy
00077,Hsl
90130,Oulu
90410,Oulu
90510,Oulu
90590,Oulu
90620,Oulu
90660,Oulu
90670,Oulu
00062,Laskutus
70801,Kuopio
00070,American Express
00232,Helsinki
31006,Vastauslähetys
71006,Vastauslähetys
00185,Pakettiautomaatti
00425,Pakettiautomaatti
00705,Pakettiautomaatti
00795,Pakettiautomaatti
00905,Pakettiautomaatti
01405,Pakettiautomaatti
00985,Pakettiautomaatti
01515,Pakettiautomaatti
01605,Pakettiautomaatti
02235,Pakettiautomaatti
02405,Pakettiautomaatti
53550,Lappeenranta
54300,Lappeenranta
54260,Lappeenranta
50200,Mikkeli
50300,Mikkeli
50700,Mikkeli
50800,Mikkeli
00071,Ostolaskut
45725,Pakettiautomaatti
87800,Kajaani
01155,Pakettiautomaatti
07905,Pakettiautomaatti
65285,Pakettiautomaatti
85505,Pakettiautomaatti
64705,Pakettiautomaatti
02665,Pakettiautomaatti
02365,Pakettiautomaatti
01205,Pakettiautomaatti
31405,Pakettiautomaatti
02635,Pakettiautomaatti
00225,Pakettiautomaatti
00625,Pakettiautomaatti
04405,Pakettiautomaatti
13135,Pakettiautomaatti
15165,Pakettiautomaatti
15815,Pakettiautomaatti
20305,Pakettiautomaatti
20525,Pakettiautomaatti
20545,Pakettiautomaatti
21285,Pakettiautomaatti
28135,Pakettiautomaatti
28615,Pakettiautomaatti
33405,Pakettiautomaatti
33545,Pakettiautomaatti
33715,Pakettiautomaatti
33955,Pakettiautomaatti
37575,Pakettiautomaatti
40325,Pakettiautomaatti
00815,Pakettiautomaatti
45135,Pakettiautomaatti
50195,Pakettiautomaatti
53605,Pakettiautomaatti
60515,Pakettiautomaatti
70425,Pakettiautomaatti
70705,Pakettiautomaatti
90405,Pakettiautomaatti
90415,Pakettiautomaatti
01625,Pakettiautomaatti
95405,Pakettiautomaatti
96325,Pakettiautomaatti
02925,Pakettiautomaatti
38705,Pakettiautomaatti
42705,Pakettiautomaatti
20815,Pakettiautomaatti
48105,Pakettiautomaatti
00058,Santander
00097,Taideyliopisto
06108,Noutopiste
33108,Noutopiste
60157,Noutopiste
00355,Pakettiautomaatti
00715,Pakettiautomaatti
00945,Pakettiautomaatti
90625,Pakettiautomaatti
90635,Pakettiautomaatti
87900,Kajaani
05805,Pakettiautomaatti
40011,Heeros Palvelut
04205,Pakettiautomaatti
08205,Pakettiautomaatti
11715,Pakettiautomaatti
33475,Pakettiautomaatti
37125,Pakettiautomaatti
49405,Pakettiautomaatti
68605,Pakettiautomaatti
81705,Pakettiautomaatti
92105,Pakettiautomaatti
94455,Pakettiautomaatti
00535,Pakettiautomaatti
01455,Pakettiautomaatti
02765,Pakettiautomaatti
33107,Noutopiste
33725,Pakettiautomaatti
20735,Pakettiautomaatti
21425,Pakettiautomaatti
90105,Pakettiautomaatti
00034,Fimea
02725,Pakettiautomaatti
00925,Pakettiautomaatti
00125,Pakettiautomaatti
01905,Pakettiautomaatti
33485,Pakettiautomaatti
38205,Pakettiautomaatti
37155,Pakettiautomaatti
34805,Pakettiautomaatti
37605,Pakettiautomaatti
37505,Pakettiautomaatti
05440,Hyvinkää
15207,Noutopiste
24805,Pakettiautomaatti
10305,Pakettiautomaatti
10605,Pakettiautomaatti
66405,Pakettiautomaatti
69605,Pakettiautomaatti
61305,Pakettiautomaatti
00215,Pakettiautomaatti
00405,Pakettiautomaatti
00955,Pakettiautomaatti
01365,Pakettiautomaatti
03405,Pakettiautomaatti
01340,Vantaa
02207,Noutopiste
02677,Noutopiste
78307,Noutopiste
00385,Pakettiautomaatti
00665,Pakettiautomaatti
02175,Pakettiautomaatti
39705,Pakettiautomaatti
39505,Pakettiautomaatti
01525,Pakettiautomaatti
13215,Pakettiautomaatti
13725,Pakettiautomaatti
15115,Pakettiautomaatti
15705,Pakettiautomaatti
16905,Pakettiautomaatti
21335,Pakettiautomaatti
21605,Pakettiautomaatti
23805,Pakettiautomaatti
30108,Pakettiautomaatti
33587,Noutopiste
33825,Pakettiautomaatti
62205,Pakettiautomaatti
75505,Pakettiautomaatti
75535,Pakettiautomaatti
90425,Pakettiautomaatti
90575,Pakettiautomaatti
90835,Pakettiautomaatti
91505,Pakettiautomaatti
96105,Pakettiautomaatti
74125,Pakettiautomaatti
00965,Pakettiautomaatti
00245,Pakettiautomaatti
53855,Pakettiautomaatti
44105,Pakettiautomaatti
70785,Pakettiautomaatti
60325,Pakettiautomaatti
20705,Pakettiautomaatti
00235,Pakettiautomaatti
00825,Pakettiautomaatti
73105,Pakettiautomaatti
45615,Pakettiautomaatti
00645,Pakettiautomaatti
52705,Pakettiautomaatti
51905,Pakettiautomaatti
98905,Pakettiautomaatti
80165,Pakettiautomaatti
80405,Pakettiautomaatti
45705,Pakettiautomaatti
47405,Pakettiautomaatti
46805,Pakettiautomaatti
47205,Pakettiautomaatti
49275,Pakettiautomaatti
45365,Pakettiautomaatti
40505,Pakettiautomaatti
15505,Pakettiautomaatti
00107,Noutopiste
02605,Pakettiautomaatti
18105,Pakettiautomaatti
24245,Pakettiautomaatti
30105,Pakettiautomaatti
48605,Pakettiautomaatti
53505,Pakettiautomaatti
55125,Pakettiautomaatti
57105,Pakettiautomaatti
74135,Pakettiautomaatti
76105,Pakettiautomaatti
80145,Pakettiautomaatti
87105,Pakettiautomaatti
00187,Noutopiste
11125,Pakettiautomaatti
14205,Pakettiautomaatti
15555,Pakettiautomaatti
15685,Pakettiautomaatti
15875,Pakettiautomaatti
21535,Pakettiautomaatti
27515,Pakettiautomaatti
61605,Pakettiautomaatti
63305,Pakettiautomaatti
88905,Pakettiautomaatti
90805,Pakettiautomaatti
91915,Pakettiautomaatti
87705,Pakettiautomaatti
70625,Pakettiautomaatti
67705,Pakettiautomaatti
02285,Pakettiautomaatti
00975,Pakettiautomaatti
02014,Microsoft
57215,Pakettiautomaatti
05405,Pakettiautomaatti
17205,Pakettiautomaatti
21255,Pakettiautomaatti
70105,Pakettiautomaatti
80175,Pakettiautomaatti
20905,Pakettiautomaatti
70825,Pakettiautomaatti
90155,Pakettiautomaatti
33305,Pakettiautomaatti
33805,Pakettiautomaatti
45105,Pakettiautomaatti
48405,Pakettiautomaatti
37565,Pakettiautomaatti
04415,Pakettiautomaatti
01635,Pakettiautomaatti
02435,Pakettiautomaatti
00305,Pakettiautomaatti
00995,Pakettiautomaatti
01665,Pakettiautomaatti
02275,Pakettiautomaatti
02775,Pakettiautomaatti
15175,Pakettiautomaatti
15835,Pakettiautomaatti
20215,Pakettiautomaatti
28365,Pakettiautomaatti
33965,Pakettiautomaatti
40345,Pakettiautomaatti
90245,Pakettiautomaatti
90525,Pakettiautomaatti
05465,Pakettiautomaatti
28405,Pakettiautomaatti
53105,Pakettiautomaatti
70115,Pakettiautomaatti
74105,Pakettiautomaatti
96205,Pakettiautomaatti
93700,Kuusamo
93800,Kuusamo
93900,Kuusamo
93830,Rukatunturi
00074,Cgi
00675,Pakettiautomaatti
01532,Vantaa
02250,Espoo
00049,Valteri
40049,Valteri
50049,Valteri
70049,Valteri
90049,Valteri
02105,Pakettiautomaatti
00635,Pakettiautomaatti
01495,Pakettiautomaatti
02615,Pakettiautomaatti
02885,Pakettiautomaatti
02945,Pakettiautomaatti
15215,Pakettiautomaatti
20615,Pakettiautomaatti
33215,Pakettiautomaatti
45165,Pakettiautomaatti
60105,Pakettiautomaatti
71805,Pakettiautomaatti
90235,Pakettiautomaatti
90555,Pakettiautomaatti
70090,Monetra
90050,Talenom
90135,Pakettiautomaatti
28407,Noutopiste
54235,Pakettiautomaatti
20785,Pakettiautomaatti
20505,Pakettiautomaatti
00064,Administer
00046,Accountor
33315,Pakettiautomaatti
24285,Pakettiautomaatti
90455,Pakettiautomaatti
52020,Woikoski
00068,Caruna
00037,Eurocard
55615,Pakettiautomaatti
80225,Pakettiautomaatti
70805,Pakettiautomaatti
20255,Pakettiautomaatti
20365,Pakettiautomaatti
65105,Pakettiautomaatti
67105,Pakettiautomaatti
90505,Pakettiautomaatti
90545,Pakettiautomaatti
00057,M-Brain
00042,Itapsa
97967,Noutopiste
02390,Sarvvik
00221,Helsinki
00155,Pakettiautomaatti
00765,Pakettiautomaatti
33275,Pakettiautomaatti
02155,Pakettiautomaatti
10905,Pakettiautomaatti
33875,Pakettiautomaatti
02335,Pakettiautomaatti
00785,Pakettiautomaatti
02705,Pakettiautomaatti
11105,Pakettiautomaatti
15565,Pakettiautomaatti
20745,Pakettiautomaatti
26845,Pakettiautomaatti
33905,Pakettiautomaatti
36205,Pakettiautomaatti
37135,Pakettiautomaatti
37805,Pakettiautomaatti
40705,Pakettiautomaatti
40805,Pakettiautomaatti
40905,Pakettiautomaatti
55105,Pakettiautomaatti
00047,Visma
80020,Kollektor Scan
00915,Pakettiautomaatti
00087,Keva
00032,Työterveyslaitos
20032,Työterveyslaitos
33032,Työterveyslaitos
70032,Työterveyslaitos
90032,Työterveyslaitos
00084,Vakuutuskeskus
05844,Smartpost
37604,Smartpost
01804,Smartpost
37144,Smartpost
74704,Smartpost
65614,Smartpost
67304,Smartpost
02584,Smartpost
10424,Smartpost
02624,Smartpost
25704,Smartpost
45704,Smartpost
21244,Smartpost
27404,Smartpost
70214,Smartpost
33204,Smartpost
33404,Smartpost
33234,Smartpost
07114,Smart Post
40934,Smart Post
65374,Smart Post
44884,Smart Post
01514,Smartpost
01524,Smartpost
01694,Smartpost
02404,Smartpost
04224,Smartpost
07504,Smartpost
10304,Smartpost
12704,Smartpost
14304,Smartpost
45204,Smartpost
49404,Smartpost
20104,Smartpost
20404,Smartpost
20544,Smartpost
21534,Smartpost
27514,Smartpost
33484,Smartpost
33734,Smartpost
33804,Smartpost
33964,Smartpost
37804,Smartpost
39704,Smartpost
50104,Smartpost
62804,Smartpost
90824,Smartpost
96104,Smartpost
00994,Smartpost
04404,Smartpost
00844,Smartpost
02184,Smartpost
10904,Smartpost
08104,Smartpost
03104,Smartpost
45724,Smartpost
45744,Smartpost
48104,Smartpost
15164,Smartpost
14204,Smartpost
14814,Smartpost
77604,Smartpost
43104,Smartpost
80714,Smartpost
37574,Smartpost
38704,Smartpost
35804,Smartpost
44104,Smartpost
31644,Smartpost
31384,Smartpost
70344,Smartpost
70844,Smartpost
68304,Smartpost
90574,Smartpost
66904,Smartpost
86804,Smartpost
94704,Smartpost
00565,Pakettiautomaatti
67805,Pakettiautomaatti
90134,Smartpost
85504,Smartpost
85804,Smartpost
94104,Smartpost
95404,Smartpost
67604,Smartpost
86304,Smartpost
87404,Smartpost
74104,Smartpost
90524,Smartpost
53554,Smartpost
33504,Smartpost
90844,Smartpost
20754,Smartpost
33214,Smartpost
21254,Smartpost
33714,Smartpost
62204,Smartpost
38204,Smartpost
20764,Smartpost
42104,Smartpost
82504,Smartpost
61804,Smartpost
61304,Smartpost
80104,Smartpost
60804,Smartpost
29204,Smartpost
01425,Pakettiautomaatti
00154,Smartpost
00234,Smartpost
00544,Smartpost
02254,Smartpost
02614,Smartpost
02684,Smartpost
01705,Pakettiautomaatti
02924,Smartpost
02284,Smartpost
02664,Smartpost
00684,Smartpost
05814,Smartpost
02204,Smartpost
03404,Smartpost
12524,Smartpost
01704,Smartpost
00594,Smartpost
00514,Smartpost
00354,Smartpost
00534,Smartpost
00814,Smartpost
00984,Smartpost
01404,Smartpost
02214,Smartpost
02234,Smartpost
05804,Smartpost
00184,Smartpost
00204,Smartpost
00224,Smartpost
00284,Smartpost
00324,Smartpost
00374,Smartpost
00414,Smartpost
00424,Smartpost
00444,Smartpost
00524,Smartpost
00554,Smartpost
00564,Smartpost
00654,Smartpost
00724,Smartpost
00744,Smartpost
00764,Smartpost
00794,Smartpost
00944,Smartpost
01344,Smartpost
01364,Smartpost
01374,Smartpost
01454,Smartpost
02154,Smartpost
02344,Smartpost
02604,Smartpost
02654,Smartpost
02704,Smartpost
02774,Smartpost
00091,Prh
18304,Smartpost
05904,Smartpost
64204,Smartpost
53814,Smartpost
33013,Fimlab
20814,Smartpost
13134,Smartpost
15544,Smartpost
15884,Smartpost
00774,Smartpost
01904,Smartpost
20744,Smartpost
15144,Smartpost
96304,Smartpost
92144,Smartpost
90634,Smartpost
90414,Smartpost
28364,Smartpost
05464,Smartpost
15704,Smartpost
00254,Smartpost
95164,Smartpost
68574,Smartpost
90144,Smartpost
13204,Smartpost
01644,Smartpost
00304,Smartpost
00334,Smartpost
60154,Smartpost
60204,Smartpost
67204,Smartpost
33274,Smartpost
33614,Smartpost
32804,Smartpost
33584,Smartpost
07884,Smartpost
07904,Smartpost
05204,Smartpost
00059,Traficom
44204,Smartpost
27324,Smartpost
34304,Smartpost
10524,Smartpost
11114,Smartpost
00314,Smartpost
08504,Smartpost
15244,Smartpost
18104,Smartpost
11124,Smartpost
27234,Smartpost
71474,Smartpost
00028,Azets
00384,Smartpost
00704,Smartpost
23104,Smartpost
01724,Smartpost
03604,Smartpost
04604,Smartpost
05834,Smartpost
06154,Smartpost
08154,Smartpost
15564,Smartpost
15864,Smartpost
16304,Smartpost
28434,Smartpost
28604,Smartpost
28844,Smartpost
30104,Smartpost
33474,Smartpost
33724,Smartpost
40704,Smartpost
42704,Smartpost
48604,Smartpost
50134,Smartpost
55124,Smartpost
62104,Smartpost
62904,Smartpost
63704,Smartpost
65104,Smartpost
83504,Smartpost
85104,Smartpost
94604,Smartpost
99604,Smartpost
04204,Smartpost
15104,Smartpost
33534,Smartpost
28104,Smartpost
26104,Smartpost
20204,Smartpost
95974,Smartpost
53205,Pakettiautomaatti
11134,Smartpost
39104,Smartpost
04134,Smartpost
00874,Smartpost
00274,Smartpost
00934,Smartpost
70704,Smartpost
71804,Smartpost
02244,Smartpost
65304,Smartpost
04254,Smartpost
04304,Smartpost
04434,Smartpost
57214,Smartpost
60124,Smartpost
20304,Smartpost
96324,Smartpost
20734,Smartpost
30304,Smartpost
36224,Smartpost
37124,Smartpost
00086,Maahanmuuttovirasto
21086,Maahanmuuttovirasto
53086,Maahanmuuttovirasto
15086,Maahanmuuttovirasto
65086,Maahanmuuttovirasto
33086,Maahanmuuttovirasto
70086,Maahanmuuttovirasto
90086,Maahanmuuttovirasto
88086,Maahanmuuttovirasto
96086,Maahanmuuttovirasto
01304,Smartpost
83904,Smartpost
27804,Smartpost
27504,Smartpost
60104,Smartpost
70204,Smartpost
19654,Smartpost
51904,Smartpost
00644,Smartpost
00694,Smartpost
33904,Smartpost
00055,Tulorekisteri
00027,Ruokavirasto
01030,Vantaan Kaupunki
00584,Smartpost
00664,Smartpost
00754,Smartpost
02304,Smartpost
02784,Smartpost
08204,Smartpost
20324,Smartpost
20784,Smartpost
23504,Smartpost
24804,Smartpost
28614,Smartpost
33104,Smartpost
40274,Smartpost
40324,Smartpost
50604,Smartpost
53604,Smartpost
57514,Smartpost
70624,Smartpost
70824,Smartpost
76104,Smartpost
78204,Smartpost
90154,Smartpost
90454,Smartpost
90804,Smartpost
98104,Smartpost
40954,Smartpost
33874,Smartpost
80264,Smartpost
70804,Smartpost
33954,Smartpost
67104,Smartpost
02434,Smartpost
04504,Smartpost
03304,Smartpost
45104,Smartpost
40524,Smartpost
32704,Smartpost
02324,Smartpost
02104,Smartpost
88614,Smartpost
66504,Smartpost
45154,Smartpost
15114,Smartpost
00264,Smartpost
20214,Smartpost
28134,Smartpost
27104,Smartpost
86604,Smartpost
66404,Smartpost
90834,Smartpost
90904,Smartpost
60324,Smartpost
92104,Smartpost
22155,Paketautomat
02008,Pop Pankki
16204,Smartpost
10604,Smartpost
46904,Smartpost
69154,Smartpost
62664,Smartpost
20664,Smartpost
66274,Smartpost
90444,Smartpost
67404,Smartpost
20464,Smartpost
28204,Smartpost
28404,Smartpost
01284,Smartpost
17504,Smartpost
49424,Smartpost
90534,Smartpost
90124,Smartpost
37104,Smartpost
31764,Smartpost
54104,Smartpost
40344,Smartpost
42304,Smartpost
55104,Smartpost
36604,Smartpost
70114,Smartpost
76154,Smartpost
70604,Smartpost
73464,Smartpost
80114,Smartpost
02755,Pakettiautomaatti
65375,Pakettiautomaatti
00056,Kela
40056,Kela
02764,Smartpost
00394,Smartpost
01604,Smartpost
21424,Smartpost
60111,Seinäjoki
00884,Smartpost
32204,Smartpost
21604,Smartpost
37634,Smartpost
01204,Smartpost
04414,Smartpost
21284,Smartpost
79104,Smartpost
04234,Smartpost
99944,Smartpost
06104,Smartpost
01654,Smartpost
00804,Smartpost
77434,Smartpost
73904,Smartpost
41904,Smartpost
73604,Smartpost
40504,Smartpost
36284,Smartpost
36914,Smartpost
45914,Smartpost
01714,Smartpost
45164,Smartpost
02634,Smartpost
26664,Smartpost
74124,Smartpost
35704,Smartpost
53204,Smartpost
33184,Smartpost
31304,Smartpost
87254,Smartpost
89604,Smartpost
41664,Smartpost
28124,Smartpost
15204,Smartpost
00404,Smartpost
38424,Smartpost
80334,Smartpost
39504,Smartpost
11714,Smartpost
00504,Smartpost
00634,Smartpost
07564,Smartpost
06405,Pakettiautomaatti
23804,Smartpost
00434,Smartpost
92134,Smartpost
70104,Smartpost
70154,Smartpost
00714,Smartpost
02264,Smartpost
24104,Smartpost
33544,Smartpost
00574,Smartpost
04444,Smartpost
15304,Smartpost
21204,Smartpost
55804,Smartpost
66534,Smartpost
60514,Smartpost
40104,Smartpost
90104,Smartpost
39204,Smartpost
25504,Smartpost
40254,Smartpost
00164,Smartpost
02134,Smartpost
00244,Smartpost
22415,Smartpost
22105,Paketautomat
95204,Smartpost
99134,Smartpost
21504,Smartpost
20364,Smartpost
90234,Smartpost
65384,Smartpost
64304,Smartpost
66604,Smartpost
46914,Smartpost
69604,Smartpost
62304,Smartpost
90424,Smartpost
90944,Smartpost
07804,Smartpost
17134,Smartpost
07174,Smartpost
27434,Smartpost
68554,Smartpost
66804,Smartpost
20614,Smartpost
28804,Smartpost
32444,Smartpost
82904,Smartpost
57174,Smartpost
57714,Smartpost
81284,Smartpost
37474,Smartpost
75504,Smartpost
78304,Smartpost
83704,Smartpost
33884,Smartpost
33854,Smartpost
09124,Smartpost
06404,Smartpost
29904,Smartpost
29814,Smartpost
95424,Smartpost
08354,Smartpost
09224,Smartpost
20384,Smartpost
21414,Smartpost
21494,Smartpost
24264,Smartpost
25334,Smartpost
25464,Smartpost
13104,Smartpost
64104,Smartpost
68504,Smartpost
69304,Smartpost
69954,Smartpost
99804,Smartpost
90674,Smartpost
31404,Smartpost
35304,Smartpost
35604,Smartpost
39934,Smartpost
41344,Smartpost
88904,Smartpost
38464,Smartpost
31504,Smartpost
57204,Smartpost
74304,Smartpost
80404,Smartpost
85904,Smartpost
44504,Smartpost
56104,Smartpost
34604,Smartpost
21422,Lieto
69704,Smartpost
00214,Smartpost
23264,Smartpost
96404,Smartpost
99994,Smartpost
91604,Smartpost
65204,Smartpost
61504,Smartpost
66104,Smartpost
66204,Smartpost
13304,Smartpost
48404,Smartpost
02884,Smartpost
69104,Smartpost
68414,Smartpost
66444,Smartpost
68914,Smartpost
88304,Smartpost
66144,Smartpost
56804,Smartpost
89204,Smartpost
62374,Smartpost
62604,Smartpost
68874,Smartpost
62424,Smartpost
79484,Smartpost
78254,Smartpost
79704,Smartpost
72104,Smartpost
73204,Smartpost
38104,Smartpost
73504,Smartpost
02334,Smartpost
14704,Smartpost
28454,Smartpost
04424,Smartpost
06454,Smartpost
70424,Smartpost
72604,Smartpost
73304,Smartpost
72304,Smartpost
71204,Smartpost
23144,Smartpost
29604,Smartpost
17204,Smartpost
68624,Smartpost
96204,Smartpost
95604,Smartpost
21354,Smartpost
63614,Smartpost
49224,Smartpost
37554,Smartpost
28304,Smartpost
00614,Smartpost
34874,Smartpost
73134,Smartpost
68104,Smartpost
68234,Smartpost
93104,Smartpost
90504,Smartpost
61604,Smartpost
60554,Smartpost
97904,Smartpost
96904,Smartpost
76854,Smartpost
86104,Smartpost
70914,Smartpost
55424,Smartpost
82734,Smartpost
38804,Smartpost
39824,Smartpost
52204,Smartpost
82604,Smartpost
13504,Smartpost
12404,Smartpost
02174,Smartpost
01394,Smartpost
01744,Smartpost
10214,Smartpost
12244,Smartpost
12544,Smartpost
31704,Smartpost
51204,Smartpost
72404,Smartpost
37504,Smartpost
21874,Smartpost
90544,Smartpost
93604,Smartpost
91704,Smartpost
92404,Smartpost
98714,Smartpost
63104,Smartpost
68604,Smartpost
90594,Smartpost
68704,Smartpost
02364,Smartpost
93144,Smartpost
71164,Smartpost
40744,Smartpost
33564,Smartpost
01354,Smartpost
40204,Smartpost
70464,Smartpost
04624,Smartpost
38714,Smartpost
82204,Smartpost
45614,Smartpost
80224,Smartpost
03854,Smartpost
04264,Smartpost
15214,Smartpost
15504,Smartpost
34804,Smartpost
02274,Smartpost
90604,Smartpost
66514,Smartpost
67704,Smartpost
20254,Smartpost
20904,Smartpost
21184,Smartpost
90404,Smartpost
28374,Smartpost
42604,Smartpost
65234,Smartpost
65284,Smartpost
10964,Smartpost
84104,Smartpost
91104,Smartpost
42224,Smartpost
90464,Smartpost
34154,Smartpost
00134,Smartpost
00824,Smartpost
00144,Smartpost
00124,Smartpost
20884,Smartpost
15154,Smartpost
55304,Smartpost
87504,Smartpost
88604,Smartpost
31604,Smartpost
67904,Smartpost
86714,Smartpost
85204,Smartpost
88274,Smartpost
89404,Smartpost
44284,Smartpost
38304,Smartpost
54804,Smartpost
05824,Smartpost
00085,Tuomioistuinvirasto
01734,Smartpost
02124,Smartpost
21384,Smartpost
33824,Smartpost
33844,Smartpost
52104,Smartpost
63304,Smartpost
90584,Smartpost
98904,Smartpost
90514,Smartpost
54924,Smartpost
33314,Smartpost
20524,Smartpost
98534,Smartpost
54714,Smartpost
70304,Smartpost
95904,Smartpost
00924,Smartpost
40804,Smartpost
17804,Smartpost
99304,Smartpost
21214,Smartpost
99834,Smartpost
99874,Smartpost
13724,Smartpost
14504,Smartpost
32504,Smartpost
46804,Smartpost
15554,Smartpost
23314,Smartpost
65354,Smartpost
02744,Smartpost
87704,Smartpost
90624,Smartpost
80774,Smartpost
96914,Smartpost
00974,Smartpost
00734,Smartpost
97144,Smartpost
21234,Smartpost
01684,Smartpost
50674,Smartpost
65324,Smartpost
49414,Smartpost
41334,Smartpost
26204,Smartpost
50194,Smartpost
34264,Smartpost
60224,Smartpost
97224,Smartpost
00067,Ulosottolaitos
96464,Smartpost
88474,Smartpost
87104,Smartpost
93834,Smartpost
41524,Smartpost
94834,Smartpost
80234,Smartpost
01614,Smartpost
70284,Smartpost
47714,Smartpost
96961,Rovaniemi
65131,Vaasa
96444,Smartpost
18154,Smartpost
01844,Smartpost
96501,Rovaniemi
01664,Smartpost
53304,Smartpost
01371,Vantaa
01761,Vantaa
01481,Vantaa
01631,Vantaa
01691,Vantaa
01674,Smartpost
87204,Smartpost
40644,Smartpost
15954,Smartpost
91414,Smartpost
33684,Smartpost
35404,Smartpost
65414,Smartpost
97704,Smartpost
15874,Smartpost
47404,Smartpost
12104,Smartpost
54504,Smartpost
48354,Smartpost
49904,Smartpost
53504,Smartpost
22115,Paketautomat
48914,Smartpost
91304,Smartpost
45374,Smartpost
41804,Smartpost
44804,Smartpost
41404,Smartpost
91204,Smartpost
66304,Smartpost
02754,Smartpost
53904,Smartpost
34244,Smartpost
58504,Smartpost
61404,Smartpost
38954,Smartpost
02454,Smartpost
21104,Smartpost
33414,Smartpost
01494,Smartpost
50974,Smartpost
38604,Smartpost
04364,Smartpost
34111,Lakiala
90311,Oulu
02164,Smartpost
12314,Smartpost
00174,Smartpost
00964,Smartpost
75704,Smartpost
73104,Smartpost
68824,Smartpost
19414,Smartpost
92434,Smartpost
02394,Smartpost
41164,Smartpost
02944,Smartpost
81104,Smartpost
43704,Smartpost
52304,Smartpost
50174,Smartpost
30424,Smartpost
13604,Smartpost
80164,Smartpost
44254,Smartpost
90254,Smartpost
90244,Smartpost
66854,Smartpost
21114,Smartpost
04344,Smartpost
04334,Smartpost
53854,Smartpost
33304,Smartpost
99954,Smartpost
92934,Smartpost
13214,Smartpost
33344,Smartpost
95704,Smartpost
02464,Smartpost
15814,Smartpost
20724,Smartpost
20244,Smartpost
49934,Smartpost
10654,Smartpost
11104,Smartpost
68664,Smartpost
12604,Smartpost
37834,Smartpost
46144,Smartpost
25414,Smartpost
25394,Smartpost
75534,Smartpost
02484,Smartpost
70504,Smartpost
01154,Smartpost
21144,Smartpost
66644,Smartpost
01484,Smartpost
02033,Länsi-Uudenmaan Hyvinvointialu
50124,Smartpost
19114,Smartpost
57104,Smartpost
50504,Smartpost
43504,Smartpost
13704,Smartpost
10644,Smartpost
43904,Smartpost
90554,Smartpost
48314,Smartpost
16714,Smartpost
16804,Smartpost
40534,Smartpost
02734,Smartpost
91914,Smartpost
28504,Smartpost
09434,Smartpost
01022,Kaupunkiliikenne
96504,Smartpost
33254,Smartpost
01234,Smartpost
20704,Smartpost
57134,Smartpost
36244,Smartpost
91904,Smartpost
92704,Smartpost
19704,Smartpost
71754,Smartpost
79604,Smartpost
01624,Smartpost
53954,Smartpost
16904,Smartpost
81704,Smartpost
16604,Smartpost
74134,Smartpost
00096,Vr
61334,Smartpost
95304,Smartpost
01281,Vantaa
01521,Vantaa
01701,Vantaa
10364,Smartpost
81204,Smartpost
78214,Smartpost
03254,Smartpost
05404,Smartpost
77704,Smartpost
99104,Smartpost
36204,Smartpost
58904,Smartpost
74204,Smartpost
86404,Smartpost
61104,Smartpost
29254,Smartpost
36114,Smartpost
91504,Smartpost
21624,Smartpost
90654,Smartpost
80144,Smartpost
64264,Smartpost
68374,Smartpost
63604,Smartpost
39164,Smartpost
63804,Smartpost
28904,Smartpost
41234,Smartpost
48704,Smartpost
91804,Smartpost
70784,Smartpost
13035,Avi
00082,Fimx
40201,Jyväskylä
